#X	#Y	#DWt	#VmS	#PreSpike	#NMDA_Mg	#NMDA_Nopen	#NMDA_Jca	#NMDA_G	#NMDA_Nt0	#NMDA_Nt1	#NMDA_Nt2	#Cyt_Ca	#PSD_Ca	#Cyt_CaM	#Cyt_Ca3CaM	#PSD_CaM	#PSD_Ca3CaM	#Cyt_CaMKIIact	#PSD_CaMKIIact	#Cyt_DAPK1act	#Cyt_DAPK1_AutoK	#PSD_DAPK1act	#PSD_DAPK1_AutoK	#Cyt_CaNact	#PSD_CaNact	#Cyt_AC1act	#Cyt_cAMP	#Cyt_PKAact	#PSD_AC1act	#PSD_cAMP	#PSD_PKAact	#Cyt_I1P	#Cyt_PP1act	#PSD_I1P	#PSD_PP1act	#Int_AMPAR	#Mbr_AMPAR	#PSD_AMPAR	#Trp_AMPAR
10	10	0.0470942	-64.9999	0	0.0405832	1.42134e-37	3.38562e-32	5.76829e-38	0.919369	0.0803517	0.000279812	0.0500047	0.050008	88.6843	4.70774e-05	88.6889	5.1108e-05	0.100865	2.75308	0.685855	0.140187	0.685855	0.140187	0.0539527	0.0539532	0.000577186	0.0088518	0.0962793	0.00062655	0.00885719	0.0962793	0.950987	0.0104012	0.951107	0.062442	6.21193	0.270928	0.265951	1.80186
20	10	-0.0263257	-64.9999	0	0.0405832	1.22425e-37	2.91615e-32	4.96843e-38	0.919298	0.0804218	0.00027991	0.0500046	0.0500077	88.7721	4.68172e-05	88.7767	5.09854e-05	0.100263	2.44839	0.685855	0.140187	0.685855	0.140187	0.0535151	0.0535156	0.000573938	0.00818839	0.0852801	0.000624995	0.00819379	0.0852802	0.878148	0.0112548	0.87826	0.0675661	6.2515	0.26373	0.262797	1.67552
30	10	-0.0361662	-64.9999	0	0.0405832	1.96305e-37	4.67599e-32	7.96676e-38	0.919292	0.0804282	0.00027996	0.0500046	0.0500077	88.7793	4.68382e-05	88.7839	5.10224e-05	0.100211	2.42221	0.685855	0.140187	0.685855	0.140187	0.0535487	0.0535492	0.0005742	0.00814683	0.08448	0.000625454	0.00815223	0.0844801	0.871925	0.0113342	0.872037	0.0680431	6.25823	0.261666	0.261079	1.65858
40	10	-0.0621924	-64.9999	0	0.0405832	1.81166e-37	4.31536e-32	7.35235e-38	0.919281	0.0804407	0.000278445	0.0500043	0.0500073	88.8242	4.51206e-05	88.8288	4.91908e-05	0.10007	2.35191	0.685855	0.140187	0.685855	0.140187	0.0507156	0.0507161	0.000552804	0.00762049	0.0769565	0.000602634	0.00762588	0.0769567	0.835255	0.0118262	0.835363	0.0709966	6.27492	0.256847	0.258392	1.6138
50	10	-0.0596463	-64.9999	0	0.0405832	9.73192e-38	2.31814e-32	3.94956e-38	0.919282	0.0804393	0.000278567	0.0500043	0.0500073	88.82	4.52608e-05	88.8246	4.93392e-05	0.100086	2.35909	0.685855	0.140187	0.685855	0.140187	0.0509475	0.0509481	0.000554551	0.00769932	0.0783847	0.000604483	0.00770471	0.0783849	0.845118	0.0116897	0.845226	0.0701774	6.27347	0.25726	0.258148	1.61818
60	10	-0.0563318	-64.9999	0	0.0405832	1.02382e-37	2.43874e-32	4.15504e-38	0.919283	0.080438	0.000279172	0.0500044	0.0500075	88.8068	4.59274e-05	88.8115	5.00585e-05	0.100109	2.37163	0.685855	0.140187	0.685855	0.140187	0.052047	0.0520476	0.000562854	0.00786216	0.0804942	0.000613443	0.00786756	0.0804943	0.853181	0.0115805	0.85329	0.0695215	6.27176	0.257592	0.257965	1.62388
70	10	-0.0413718	-64.9999	0	0.0405832	1.67935e-37	4.0002e-32	6.81538e-38	0.919291	0.0804291	0.000279712	0.0500046	0.0500076	88.7852	4.65635e-05	88.7898	5.07265e-05	0.100198	2.41484	0.685855	0.140187	0.685855	0.140187	0.0530967	0.0530972	0.000570778	0.00813385	0.0847067	0.000621767	0.00813925	0.0847068	0.877218	0.0112666	0.877331	0.0676371	6.2626	0.260043	0.259059	1.64963
80	10	0.411866	-64.9999	0	0.0405832	9.14015e-38	2.17718e-32	3.7094e-38	0.922806	0.0769244	0.000269192	0.050008	0.0500134	84.5461	4.95656e-05	84.5469	5.02661e-05	2.06198	10.5275	0.685855	0.140187	0.685855	0.140187	0.0567245	0.0567247	0.000608148	0.0160185	0.157672	0.000616342	0.0160237	0.157672	1.20639	0.00821171	1.20653	0.0492976	6.12552	0.221048	0.183436	2.42957
90	10	0.361816	-64.9999	0	0.0405832	7.29657e-38	1.73804e-32	2.96121e-38	0.921518	0.078209	0.000272978	0.0500071	0.0500128	86.0937	4.98151e-05	86.0939	5.03435e-05	0.888949	9.23861	0.685855	0.140187	0.685855	0.140187	0.0581579	0.0581581	0.000611376	0.0136634	0.14365	0.000617499	0.0136686	0.14365	1.14844	0.00862365	1.14858	0.0517705	6.14645	0.22092	0.18634	2.34344
100	10	0.409233	-64.9999	0	0.0405832	7.59316e-38	1.80869e-32	3.08158e-38	0.922851	0.0768787	0.000269953	0.0500082	0.0500136	84.474	5.06262e-05	84.4749	5.13168e-05	2.10565	10.5761	0.685855	0.140187	0.685855	0.140187	0.0583802	0.0583804	0.000621359	0.0164932	0.162021	0.000629424	0.0164984	0.162021	1.20883	0.0081952	1.20897	0.0491985	6.12831	0.219732	0.182068	2.42504
10	20	-0.0111618	-64.9999	0	0.0405832	2.72375e-37	6.48796e-32	1.10539e-37	0.919313	0.0804067	0.000280022	0.0500046	0.0500078	88.7506	4.7019e-05	88.7552	5.11684e-05	0.100394	2.51461	0.685855	0.140187	0.685855	0.140187	0.0538497	0.0538503	0.000576454	0.00846087	0.0898812	0.000627281	0.00846627	0.0898812	0.908704	0.0108803	0.90882	0.0653178	6.2445	0.264453	0.261815	1.70161
20	20	0.0331399	-64.9999	0	0.0405832	2.4697e-37	5.88281e-32	1.00229e-37	0.919368	0.0803518	0.000280626	0.0500049	0.0500082	88.669	4.79706e-05	88.6736	5.20679e-05	0.100896	2.75991	0.685855	0.140187	0.685855	0.140187	0.0554217	0.0554222	0.000588314	0.00905671	0.0983385	0.000638512	0.00906211	0.0983384	0.952422	0.0103857	0.952543	0.0623487	6.22535	0.265046	0.259829	1.77785
30	20	-0.0140648	-64.9999	0	0.0405832	2.34849e-37	5.59411e-32	9.53102e-38	0.919312	0.080408	0.000279818	0.0500046	0.0500078	88.7562	4.67901e-05	88.7608	5.09237e-05	0.100379	2.50601	0.685855	0.140187	0.685855	0.140187	0.0534732	0.0534738	0.000573603	0.00840581	0.0892747	0.000624233	0.0084112	0.0892747	0.907454	0.0108951	0.90757	0.0654069	6.24625	0.264063	0.261397	1.69662
40	20	-0.0175183	-64.9999	0	0.0405832	2.45941e-37	5.85831e-32	9.98116e-38	0.919312	0.0804079	0.000280517	0.0500047	0.0500079	88.7428	4.75545e-05	88.7474	5.17492e-05	0.100398	2.51465	0.685855	0.140187	0.685855	0.140187	0.0547301	0.0547307	0.000583125	0.0085658	0.0908892	0.000634517	0.0085712	0.0908892	0.908736	0.0108799	0.908851	0.0653155	6.25046	0.261887	0.259207	1.69067
50	20	-0.0134175	-64.9999	0	0.0405832	2.16148e-37	5.14863e-32	8.77204e-38	0.919315	0.0804049	0.00028025	0.0500047	0.0500079	88.744	4.72786e-05	88.7486	5.14437e-05	0.100419	2.52405	0.685855	0.140187	0.685855	0.140187	0.0542775	0.0542781	0.000579689	0.00854817	0.0910088	0.000630712	0.00855356	0.0910088	0.913152	0.0108278	0.913269	0.0650029	6.24763	0.26278	0.259869	1.69773
60	20	0.0210476	-64.9999	0	0.0405832	2.27783e-37	5.42577e-32	9.24422e-38	0.919357	0.0803622	0.000280801	0.0500049	0.0500082	88.6789	4.81082e-05	88.6835	5.22401e-05	0.100804	2.71698	0.685855	0.140187	0.685855	0.140187	0.0556462	0.0556468	0.000590028	0.00906615	0.0983149	0.000640652	0.00907154	0.0983149	0.950515	0.0104064	0.950636	0.0624727	6.23314	0.262943	0.257884	1.75704
70	20	0.0176553	-64.9999	0	0.0405832	2.59363e-37	6.17803e-32	1.05259e-37	0.919352	0.080367	0.000281119	0.0500049	0.0500083	88.6791	4.8432e-05	88.6836	5.25994e-05	0.100773	2.69846	0.685855	0.140187	0.685855	0.140187	0.0561772	0.0561778	0.000594061	0.00910705	0.0985472	0.000645128	0.00911245	0.0985472	0.947836	0.0104355	0.947956	0.0626476	6.23503	0.262529	0.257806	1.7512
80	20	0.0270504	-64.9999	0	0.0405832	1.99375e-37	4.7491e-32	8.09133e-38	0.91937	0.0803494	0.000280985	0.0500049	0.0500083	88.6591	4.83792e-05	88.6636	5.25008e-05	0.100929	2.7743	0.685855	0.140187	0.685855	0.140187	0.0560932	0.0560937	0.000593406	0.00923093	0.100552	0.000643906	0.00923632	0.100552	0.960925	0.0102947	0.961047	0.0618025	6.23268	0.261354	0.255742	1.76737
90	20	0.419495	-64.9999	0	0.0405832	2.08142e-37	4.95794e-32	8.44715e-38	0.923427	0.0763053	0.000267675	0.0500085	0.0500138	83.7959	4.97933e-05	83.797	5.05903e-05	2.61207	11.2246	0.685855	0.140187	0.685855	0.140187	0.0565848	0.056585	0.000610925	0.0172435	0.163878	0.000620279	0.0172487	0.163878	1.22621	0.00807947	1.22635	0.0485038	6.12559	0.218769	0.179119	2.4427
100	20	0.442124	-64.9999	0	0.0405832	1.99847e-37	4.76035e-32	8.11051e-38	0.924765	0.0749691	0.000265604	0.0500097	0.0500147	82.1578	5.17499e-05	82.1595	5.2702e-05	3.83165	12.6503	0.685855	0.140187	0.685855	0.140187	0.0585457	0.0585459	0.000635167	0.0211814	0.188832	0.000646374	0.0211866	0.188832	1.28171	0.0077313	1.28185	0.0464136	6.11936	0.216539	0.174014	2.48164
10	30	-0.019391	-64.9999	0	0.0405832	3.43378e-37	8.17927e-32	1.39355e-37	0.91931	0.0804099	0.000280074	0.0500047	0.0500078	88.7537	4.70599e-05	88.7583	5.12189e-05	0.100373	2.50031	0.685855	0.140187	0.685855	0.140187	0.053917	0.0539176	0.000576963	0.00843567	0.0893978	0.000627909	0.00844107	0.0893979	0.904781	0.0109269	0.904897	0.065598	6.25072	0.262281	0.259793	1.68745
20	30	0.0587003	-64.9999	0	0.0405832	3.73626e-37	8.89975e-32	1.51631e-37	0.919409	0.0803101	0.000280491	0.0500049	0.0500084	88.6183	4.80468e-05	88.6228	5.20504e-05	0.101303	2.93968	0.685855	0.140187	0.685855	0.140187	0.0555534	0.0555539	0.000589268	0.00927889	0.101798	0.000638311	0.00928428	0.101798	0.972802	0.0101702	0.972924	0.0610548	6.2162	0.263846	0.257243	1.82183
30	30	0.0431764	-64.9999	0	0.0405832	3.62562e-37	8.63621e-32	1.4714e-37	0.919388	0.0803309	0.000280667	0.0500049	0.0500083	88.6415	4.8129e-05	88.646	5.21883e-05	0.101099	2.8513	0.685855	0.140187	0.685855	0.140187	0.0556851	0.0556856	0.00059029	0.0092142	0.100638	0.00064002	0.00921959	0.100638	0.964667	0.0102551	0.964789	0.0615648	6.22342	0.263312	0.257191	1.79512
40	30	0.049383	-64.9999	0	0.0405832	3.15234e-37	7.50887e-32	1.27933e-37	0.919402	0.0803176	0.000280447	0.0500049	0.0500083	88.6287	4.79598e-05	88.6332	5.19729e-05	0.101237	2.90441	0.685855	0.140187	0.685855	0.140187	0.0554104	0.0554109	0.000588183	0.0092257	0.101082	0.000637342	0.00923109	0.101082	0.969581	0.0102036	0.969704	0.0612557	6.22189	0.26247	0.256015	1.8058
50	30	0.0713664	-64.9999	0	0.0405832	3.08059e-37	7.33797e-32	1.25021e-37	0.91944	0.0802791	0.000280412	0.0500049	0.0500085	88.5802	4.81282e-05	88.5848	5.20629e-05	0.101631	3.07336	0.685855	0.140187	0.685855	0.140187	0.0556921	0.0556926	0.000590285	0.00942264	0.103979	0.00063848	0.00942803	0.103979	0.984782	0.0100476	0.984906	0.0603188	6.2141	0.261398	0.253641	1.84363
60	30	0.0527505	-64.9999	0	0.0405832	3.09376e-37	7.36933e-32	1.25556e-37	0.919412	0.0803075	0.000280834	0.050005	0.0500085	88.6085	4.84389e-05	88.613	5.24645e-05	0.101339	2.95478	0.685855	0.140187	0.685855	0.140187	0.0561974	0.056198	0.000594153	0.00941221	0.103339	0.000643472	0.0094176	0.103339	0.976967	0.0101272	0.97709	0.060797	6.22278	0.260698	0.25375	1.81159
70	30	0.063021	-64.9999	0	0.0405832	2.90433e-37	6.9181e-32	1.17868e-37	0.919432	0.0802877	0.000280679	0.050005	0.0500085	88.5861	4.83758e-05	88.5906	5.23491e-05	0.101542	3.03974	0.685855	0.140187	0.685855	0.140187	0.056097	0.0560975	0.000593369	0.00948444	0.104576	0.000642042	0.00948983	0.104576	0.985075	0.0100446	0.985199	0.0603011	6.21947	0.259956	0.252278	1.82927
80	30	0.258516	-64.9999	0	0.0405832	3.28851e-37	7.83323e-32	1.3346e-37	0.920313	0.0794101	0.000276501	0.0500055	0.0500114	87.5457	4.86601e-05	87.5495	5.04005e-05	0.133259	6.80968	0.685855	0.140187	0.685855	0.140187	0.0567202	0.0567205	0.00059701	0.011743	0.127144	0.00061824	0.0117483	0.127144	1.09222	0.00906587	1.09235	0.0544252	6.1834	0.225907	0.196329	2.16568
90	30	0.397557	-64.9999	0	0.0405832	3.26438e-37	7.77575e-32	1.3248e-37	0.922873	0.076858	0.000269379	0.0500081	0.0500135	84.459	5.00095e-05	84.4599	5.07114e-05	2.11415	10.6658	0.685855	0.140187	0.685855	0.140187	0.0573743	0.0573745	0.000613671	0.016943	0.163345	0.000621878	0.0169482	0.163345	1.21889	0.00812815	1.21903	0.048796	6.13703	0.217059	0.177948	2.40494
100	30	0.432494	-64.9999	0	0.0405832	3.01826e-37	7.1895e-32	1.22492e-37	0.924813	0.0749219	0.000265212	0.0500097	0.0500148	82.106	5.14193e-05	82.1078	5.24025e-05	3.87426	12.7022	0.685855	0.140187	0.685855	0.140187	0.0579839	0.0579842	0.000631042	0.0201907	0.182022	0.000642625	0.0201959	0.182022	1.26835	0.00781198	1.26849	0.046898	6.12665	0.214037	0.17146	2.46507
10	40	-0.0171329	-64.9999	0	0.0405832	3.93976e-37	9.3845e-32	1.59889e-37	0.919314	0.0804059	0.000280195	0.0500047	0.0500079	88.7464	4.72129e-05	88.751	5.13751e-05	0.10041	2.51873	0.685855	0.140187	0.685855	0.140187	0.0541693	0.0541699	0.00057887	0.00850516	0.0903652	0.000629858	0.00851056	0.0903653	0.909546	0.0108703	0.909662	0.0652579	6.25034	0.26187	0.259076	1.69134
20	40	0.0424484	-64.9999	0	0.0405832	4.05778e-37	9.66562e-32	1.64679e-37	0.919391	0.0803288	0.000280623	0.0500049	0.0500083	88.6396	4.80924e-05	88.6442	5.21429e-05	0.101125	2.85884	0.685855	0.140187	0.685855	0.140187	0.0556258	0.0556264	0.000589834	0.00920936	0.100624	0.000639455	0.00921475	0.100624	0.965054	0.0102511	0.965176	0.0615404	6.22475	0.262502	0.256389	1.79387
30	40	0.105184	-64.9999	0	0.0405832	3.83345e-37	9.13127e-32	1.55575e-37	0.919506	0.0802133	0.000280533	0.0500051	0.0500089	88.4938	4.86189e-05	88.4983	5.24295e-05	0.102394	3.36562	0.685855	0.140187	0.685855	0.140187	0.0565064	0.056507	0.000596405	0.00972662	0.10815	0.000643077	0.009732	0.10815	1.0025	0.00987151	1.00262	0.0592618	6.20274	0.259214	0.249633	1.90182
40	40	0.0992657	-64.9999	0	0.0405832	3.68514e-37	8.77799e-32	1.49556e-37	0.919498	0.0802211	0.000280773	0.0500051	0.0500089	88.4991	4.88405e-05	88.5036	5.26865e-05	0.102291	3.33642	0.685855	0.140187	0.685855	0.140187	0.0568677	0.0568683	0.000599165	0.00979148	0.108819	0.000646276	0.00979686	0.108818	1.0034	0.00986272	1.00353	0.059209	6.20625	0.25844	0.248838	1.89164
50	40	0.0903914	-64.9999	0	0.0405832	3.62033e-37	8.62361e-32	1.46926e-37	0.919478	0.0802416	0.000280533	0.050005	0.0500087	88.53	4.8464e-05	88.5345	5.23334e-05	0.102048	3.24124	0.685855	0.140187	0.685855	0.140187	0.0562481	0.0562486	0.000594473	0.00962863	0.106774	0.000641867	0.00963401	0.106774	0.99667	0.00992877	0.996795	0.0596056	6.20807	0.259918	0.250942	1.87637
60	40	0.0870935	-64.9999	0	0.0405832	3.99626e-37	9.51908e-32	1.62182e-37	0.919482	0.0802376	0.000280711	0.0500051	0.0500088	88.5215	4.86828e-05	88.526	5.25571e-05	0.102099	3.26116	0.685855	0.140187	0.685855	0.140187	0.0566075	0.056608	0.000597199	0.00971646	0.10784	0.000644656	0.00972184	0.10784	0.999917	0.00989682	1.00004	0.0594138	6.21234	0.257689	0.248435	1.87069
70	40	0.283594	-64.9999	0	0.0405832	3.53899e-37	8.42986e-32	1.43625e-37	0.920376	0.0793483	0.000276173	0.0500056	0.0500117	87.4731	4.86637e-05	87.4768	5.0223e-05	0.141721	7.0004	0.685855	0.140187	0.685855	0.140187	0.0567543	0.0567547	0.000597064	0.0109738	0.121551	0.000616069	0.010979	0.121551	1.06812	0.00926831	1.06825	0.0556406	6.16775	0.229495	0.201457	2.20883
80	40	0.368751	-64.9999	0	0.0405832	3.80683e-37	9.06787e-32	1.54495e-37	0.921636	0.0780924	0.000271822	0.050007	0.0500127	85.9686	4.88085e-05	85.9688	4.93782e-05	1.00812	9.2204	0.685855	0.140187	0.685855	0.140187	0.0564418	0.056442	0.000598824	0.0127044	0.134919	0.000605459	0.0127096	0.134918	1.12744	0.00878275	1.12758	0.0527257	6.14266	0.221161	0.188597	2.35537
90	40	0.326549	-64.9999	0	0.0405832	3.57162e-37	8.50758e-32	1.44949e-37	0.92106	0.0786667	0.000273557	0.0500064	0.0500124	86.6606	4.8974e-05	86.6611	4.94628e-05	0.462058	8.80928	0.685855	0.140187	0.685855	0.140187	0.0571497	0.0571499	0.000600938	0.0138166	0.142688	0.000606618	0.0138218	0.142688	1.14995	0.00861305	1.15009	0.0517068	6.16617	0.217219	0.182934	2.28275
100	40	0.405407	-64.9999	0	0.0405832	3.47993e-37	8.28918e-32	1.41228e-37	0.923219	0.0765124	0.000268802	0.0500085	0.0500138	84.0349	5.04447e-05	84.0359	5.12102e-05	2.43259	10.9896	0.685855	0.140187	0.685855	0.140187	0.0577807	0.0577809	0.00061906	0.0165334	0.161206	0.000628029	0.0165386	0.161205	1.21059	0.00818298	1.21073	0.0491252	6.13448	0.216348	0.177478	2.41845
10	50	-0.00926002	-64.9999	0	0.0405832	4.75095e-37	1.13168e-31	1.9281e-37	0.919322	0.0803972	0.000280388	0.0500047	0.050008	88.7315	4.74703e-05	88.7361	5.16329e-05	0.10049	2.55866	0.685855	0.140187	0.685855	0.140187	0.0545937	0.0545943	0.000582077	0.00864186	0.0923092	0.000633072	0.00864725	0.0923092	0.919543	0.0107533	0.91966	0.0645557	6.24687	0.262042	0.258712	1.70489
20	50	0.0477176	-64.9999	0	0.0405832	4.38005e-37	1.04333e-31	1.77758e-37	0.919401	0.0803186	0.000280695	0.0500049	0.0500084	88.6253	4.82267e-05	88.6298	5.22631e-05	0.101227	2.90398	0.685855	0.140187	0.685855	0.140187	0.0558478	0.0558484	0.000591509	0.00928945	0.101706	0.000640958	0.00929484	0.101706	0.969912	0.0102002	0.970034	0.061235	6.2234	0.261838	0.25536	1.80293
30	50	0.0983934	-64.9999	0	0.0405832	4.37315e-37	1.04168e-31	1.77478e-37	0.919496	0.0802232	0.000280626	0.0500051	0.0500088	88.5047	4.86673e-05	88.5092	5.25058e-05	0.10227	3.32384	0.685855	0.140187	0.685855	0.140187	0.0565842	0.0565847	0.000597008	0.0097279	0.108075	0.000644023	0.00973328	0.108075	1.00145	0.00988178	1.00158	0.0593235	6.20621	0.258743	0.2493	1.89014
40	50	0.106764	-64.9999	0	0.0405832	4.37667e-37	1.04252e-31	1.77621e-37	0.919522	0.0801975	0.00028068	0.0500051	0.050009	88.4709	4.88677e-05	88.4753	5.26563e-05	0.102593	3.43756	0.685855	0.140187	0.685855	0.140187	0.0569167	0.0569172	0.000599507	0.00985027	0.109758	0.000645911	0.00985565	0.109758	1.00829	0.00981531	1.00842	0.0589244	6.20553	0.256571	0.246306	1.90454
50	50	0.133022	-64.9999	0	0.0405832	3.93167e-37	9.36523e-32	1.59561e-37	0.919589	0.0801306	0.000280169	0.0500051	0.0500091	88.3951	4.86701e-05	88.3996	5.22797e-05	0.103513	3.72517	0.685855	0.140187	0.685855	0.140187	0.0566036	0.0566041	0.000597052	0.00990946	0.111202	0.00064125	0.00991483	0.111202	1.01882	0.00971462	1.01895	0.05832	6.19766	0.2542	0.242085	1.94973
60	50	0.130661	-64.9999	0	0.0405832	3.92501e-37	9.34936e-32	1.59291e-37	0.919583	0.0801373	0.000280143	0.0500051	0.0500091	88.4041	4.86055e-05	88.4086	5.22267e-05	0.103422	3.69428	0.685855	0.140187	0.685855	0.140187	0.056497	0.0564976	0.000596245	0.00986823	0.110649	0.000640585	0.0098736	0.110648	1.01663	0.00973535	1.01676	0.0584444	6.1981	0.254615	0.242747	1.94566
70	50	0.127549	-64.9999	0	0.0405832	3.97528e-37	9.46911e-32	1.61331e-37	0.919579	0.0801404	0.000280623	0.0500052	0.0500092	88.399	4.91204e-05	88.4035	5.27833e-05	0.103371	3.6888	0.685855	0.140187	0.685855	0.140187	0.0573396	0.0573402	0.000602662	0.01003	0.112411	0.000647519	0.0100354	0.112411	1.0196	0.00970732	1.01973	0.0582761	6.2009	0.253453	0.241551	1.94031
80	50	0.349927	-64.9999	0	0.0405832	3.93758e-37	9.37931e-32	1.59801e-37	0.921229	0.0784977	0.000273202	0.0500068	0.0500125	86.4541	4.91011e-05	86.4542	4.96211e-05	0.635284	8.84622	0.685855	0.140187	0.685855	0.140187	0.0572324	0.0572326	0.000602505	0.0119739	0.131107	0.000608542	0.0119791	0.131107	1.10707	0.00894327	1.10721	0.0536894	6.15088	0.220788	0.189616	2.32298
90	50	0.362568	-64.9999	0	0.0405832	3.74034e-37	8.90949e-32	1.51796e-37	0.921414	0.0783134	0.000272356	0.0500068	0.0500125	86.2374	4.87121e-05	86.2376	4.92535e-05	0.81135	8.93946	0.685855	0.140187	0.685855	0.140187	0.056467	0.0564672	0.000597645	0.0120561	0.130507	0.000603943	0.0120613	0.130506	1.10967	0.00892238	1.1098	0.053564	6.14352	0.222296	0.191251	2.34473
100	50	0.436893	-64.9999	0	0.0405832	3.9305e-37	9.36243e-32	1.59514e-37	0.924883	0.0748515	0.000265414	0.0500099	0.0500149	82.0139	5.18855e-05	82.0157	5.28781e-05	3.93921	12.7518	0.685855	0.140187	0.685855	0.140187	0.0586504	0.0586506	0.000636842	0.0198535	0.18164	0.000648535	0.0198588	0.181639	1.26384	0.00783954	1.26398	0.0470634	6.1239	0.214639	0.172456	2.47263
10	60	-0.00811541	-64.9999	0	0.0405832	4.79129e-37	1.14129e-31	1.94448e-37	0.919325	0.0803942	0.000280346	0.0500047	0.050008	88.7285	4.74412e-05	88.7331	5.15941e-05	0.100517	2.57049	0.685855	0.140187	0.685855	0.140187	0.0545466	0.0545471	0.000581714	0.00865584	0.0925894	0.000632591	0.00866124	0.0925894	0.92182	0.010727	0.921937	0.0643978	6.2468	0.261739	0.258228	1.70685
20	60	0.052516	-64.9999	0	0.0405832	4.37203e-37	1.04142e-31	1.77433e-37	0.919408	0.0803109	0.000280658	0.0500049	0.0500084	88.6161	4.82271e-05	88.6207	5.22453e-05	0.101302	2.93753	0.685855	0.140187	0.685855	0.140187	0.0558495	0.0558501	0.000591514	0.00932347	0.102243	0.000640739	0.00932886	0.102243	0.973143	0.0101666	0.973266	0.0610335	6.22152	0.261747	0.255005	1.81119
30	60	0.0953861	-64.9999	0	0.0405832	4.3364e-37	1.03293e-31	1.75987e-37	0.919492	0.0802276	0.000280617	0.0500051	0.0500088	88.5105	4.86335e-05	88.515	5.24798e-05	0.102221	3.30325	0.685855	0.140187	0.685855	0.140187	0.0565284	0.0565289	0.000596585	0.00970166	0.107714	0.000643697	0.00970704	0.107713	0.999843	0.00989752	0.999968	0.059418	6.20759	0.258644	0.249348	1.88496
40	60	0.118191	-64.9999	0	0.0405832	4.3285e-37	1.03105e-31	1.75666e-37	0.919547	0.0801728	0.000280398	0.0500051	0.050009	88.4446	4.86925e-05	88.4491	5.24079e-05	0.102919	3.54199	0.685855	0.140187	0.685855	0.140187	0.0566336	0.0566342	0.000597326	0.0098389	0.109921	0.000642828	0.00984428	0.109921	1.01146	0.00978474	1.01159	0.0587409	6.20115	0.256268	0.245385	1.92421
50	60	0.141021	-64.9999	0	0.0405832	4.4765e-37	1.0663e-31	1.81672e-37	0.919611	0.0801091	0.000280362	0.0500052	0.0500093	88.364	4.90054e-05	88.3684	5.25818e-05	0.103846	3.82265	0.685855	0.140187	0.685855	0.140187	0.0571565	0.057157	0.000601231	0.0100241	0.112591	0.000645025	0.0100294	0.112591	1.02206	0.00968408	1.02219	0.0581366	6.19573	0.253082	0.240503	1.96349
60	60	0.157965	-64.9999	0	0.0405832	4.48588e-37	1.06853e-31	1.82053e-37	0.919675	0.0800448	0.000280226	0.0500053	0.0500096	88.2845	4.92135e-05	88.2889	5.26389e-05	0.104918	4.10496	0.685855	0.140187	0.685855	0.140187	0.0575082	0.0575087	0.000603832	0.010252	0.115292	0.000645767	0.0102574	0.115292	1.03335	0.00957906	1.03348	0.0575061	6.194	0.249018	0.234541	1.99265
70	60	0.168037	-64.9999	0	0.0405832	4.24794e-37	1.01186e-31	1.72396e-37	0.919705	0.0800152	0.000280066	0.0500053	0.0500096	88.2497	4.92034e-05	88.254	5.25514e-05	0.105476	4.2327	0.685855	0.140187	0.685855	0.140187	0.0574972	0.0574977	0.00060371	0.0102967	0.115865	0.000644693	0.010302	0.115865	1.03635	0.00955152	1.03648	0.0573408	6.19079	0.248253	0.23311	2.00998
80	60	0.301046	-64.9999	0	0.0405832	4.31741e-37	1.0284e-31	1.75216e-37	0.920533	0.0791911	0.000275434	0.0500057	0.050012	87.2873	4.87263e-05	87.2906	4.98869e-05	0.169003	7.60967	0.685855	0.140187	0.685855	0.140187	0.056879	0.0568793	0.000597859	0.0119966	0.129859	0.000611952	0.0120018	0.129859	1.10296	0.00897779	1.1031	0.0538964	6.16577	0.225583	0.194986	2.23887
90	60	0.417154	-64.9999	0	0.0405832	4.48654e-37	1.06869e-31	1.8208e-37	0.923623	0.0761096	0.000267835	0.0500088	0.050014	83.5469	5.06355e-05	83.5481	5.14444e-05	2.79224	11.437	0.685855	0.140187	0.685855	0.140187	0.0577563	0.0577565	0.000621399	0.0181068	0.170307	0.000630889	0.018112	0.170307	1.23732	0.00800734	1.23746	0.0480707	6.12942	0.216631	0.17639	2.43867
100	60	0.416753	-64.9999	0	0.0405832	4.36817e-37	1.0405e-31	1.77276e-37	0.923271	0.0764608	0.000268683	0.0500085	0.0500138	83.9723	5.0485e-05	83.9733	5.12463e-05	2.47524	11.0176	0.685855	0.140187	0.685855	0.140187	0.0578161	0.0578163	0.000619559	0.017041	0.163836	0.000628479	0.0170462	0.163836	1.21788	0.00813441	1.21802	0.0488336	6.12667	0.218629	0.18007	2.43798
10	70	-0.000698155	-64.9999	0	0.0405832	4.78024e-37	1.13865e-31	1.93999e-37	0.919334	0.0803858	0.000280389	0.0500048	0.050008	88.7169	4.75325e-05	88.7215	5.16731e-05	0.100592	2.60742	0.685855	0.140187	0.685855	0.140187	0.0546979	0.0546985	0.000582852	0.00874338	0.0939114	0.000633579	0.00874878	0.0939114	0.929492	0.0106394	0.92961	0.0638716	6.24332	0.262056	0.258118	1.71962
20	70	0.0479179	-64.9999	0	0.0405832	4.7751e-37	1.13743e-31	1.9379e-37	0.919402	0.0803175	0.000280714	0.0500049	0.0500084	88.6235	4.82533e-05	88.6281	5.22891e-05	0.101238	2.90893	0.685855	0.140187	0.685855	0.140187	0.0558917	0.0558922	0.00059184	0.00929864	0.101816	0.000641283	0.00930403	0.101816	0.970231	0.0101969	0.970354	0.061215	6.22357	0.261645	0.255127	1.80328
30	70	0.0894554	-64.9999	0	0.0405832	4.42011e-37	1.05287e-31	1.79384e-37	0.919482	0.0802377	0.000280741	0.0500051	0.0500088	88.5211	4.87151e-05	88.5256	5.25914e-05	0.102105	3.2601	0.685855	0.140187	0.685855	0.140187	0.0566608	0.0566614	0.000597602	0.00969807	0.107503	0.000645084	0.00970345	0.107503	0.997583	0.00991975	0.997708	0.0595515	6.21026	0.258495	0.249488	1.87476
40	70	0.123792	-64.9999	0	0.0405832	4.63121e-37	1.10315e-31	1.87951e-37	0.919563	0.0801562	0.000280498	0.0500051	0.0500091	88.4216	4.88941e-05	88.426	5.25815e-05	0.10315	3.61659	0.685855	0.140187	0.685855	0.140187	0.0569667	0.0569672	0.00059984	0.00992738	0.111064	0.000644997	0.00993276	0.111063	1.01516	0.00974938	1.01529	0.0585286	6.20037	0.255051	0.243714	1.93384
50	70	0.144358	-64.9999	0	0.0405832	4.60326e-37	1.0965e-31	1.86817e-37	0.919624	0.0800958	0.000280334	0.0500052	0.0500093	88.3475	4.90481e-05	88.3519	5.25934e-05	0.104058	3.88104	0.685855	0.140187	0.685855	0.140187	0.0572288	0.0572294	0.000601766	0.0100587	0.113115	0.000645175	0.0100641	0.113115	1.02432	0.00966282	1.02445	0.058009	6.19564	0.252082	0.239121	1.96923
60	70	0.170857	-64.9999	0	0.0405832	4.56138e-37	1.08652e-31	1.85117e-37	0.919715	0.0800055	0.000279985	0.0500053	0.0500097	88.2388	4.91673e-05	88.2432	5.24887e-05	0.105663	4.27448	0.685855	0.140187	0.685855	0.140187	0.0574395	0.05744	0.00060326	0.0102827	0.115829	0.000643916	0.010288	0.115829	1.03668	0.00954846	1.03681	0.0573224	6.19	0.247962	0.232585	2.01483
70	70	0.29892	-64.9999	0	0.0405832	4.79425e-37	1.14199e-31	1.94568e-37	0.920557	0.079168	0.000275435	0.0500057	0.0500121	87.2579	4.88515e-05	87.2612	4.99667e-05	0.173856	7.71284	0.685855	0.140187	0.685855	0.140187	0.05708	0.0570803	0.000599419	0.0122442	0.131791	0.000612951	0.0122495	0.131791	1.10936	0.00892646	1.10949	0.0535883	6.16919	0.223684	0.192552	2.23521
80	70	0.347717	-64.9999	0	0.0405832	4.35881e-37	1.03827e-31	1.76896e-37	0.921219	0.0785071	0.000273567	0.0500068	0.0500125	86.4592	4.95537e-05	86.4593	5.00197e-05	0.615329	8.93229	0.685855	0.140187	0.685855	0.140187	0.0579839	0.0579841	0.000608147	0.0140915	0.146586	0.000613523	0.0140967	0.146586	1.15933	0.00854376	1.15947	0.0512909	6.1543	0.219264	0.185809	2.31918
90	70	0.376491	-64.9999	0	0.0405832	4.59597e-37	1.09476e-31	1.86521e-37	0.922313	0.0774159	0.000271068	0.0500077	0.0500131	85.1298	5.02226e-05	85.1304	5.07993e-05	1.60492	10.1386	0.685855	0.140187	0.685855	0.140187	0.0581773	0.0581775	0.000616382	0.0185169	0.173603	0.000623078	0.0185221	0.173602	1.24155	0.00798159	1.2417	0.0479161	6.14822	0.215339	0.176333	2.36869
100	70	0.444921	-64.9999	0	0.0405832	4.41745e-37	1.05224e-31	1.79276e-37	0.925095	0.0746397	0.000264963	0.05001	0.050015	81.7572	5.20682e-05	81.7591	5.30687e-05	4.12829	12.996	0.685855	0.140187	0.685855	0.140187	0.0587606	0.0587608	0.000639099	0.021716	0.191902	0.000650887	0.0217212	0.191902	1.28805	0.00769327	1.28819	0.0461853	6.11931	0.215716	0.172685	2.48645
10	80	0.000277841	-64.9999	0	0.0405832	4.83013e-37	1.15054e-31	1.96024e-37	0.919334	0.0803854	0.000280464	0.0500048	0.050008	88.715	4.76161e-05	88.7196	5.17626e-05	0.100597	2.61011	0.685855	0.140187	0.685855	0.140187	0.0548354	0.054836	0.000583895	0.00876526	0.094157	0.000634693	0.00877065	0.094157	0.930037	0.0106332	0.930155	0.0638345	6.24275	0.262179	0.258255	1.7213
20	80	0.0531086	-64.9999	0	0.0405832	4.9444e-37	1.17775e-31	2.00661e-37	0.919414	0.0803056	0.00028073	0.050005	0.0500085	88.608	4.8335e-05	88.6126	5.2348e-05	0.101361	2.96085	0.685855	0.140187	0.685855	0.140187	0.0560277	0.0560282	0.000592859	0.00936898	0.102815	0.000642021	0.00937437	0.102815	0.97518	0.0101456	0.975303	0.0609072	6.22264	0.260686	0.253739	1.81221
30	80	0.0927607	-64.9999	0	0.0405832	4.91033e-37	1.16964e-31	1.99279e-37	0.91949	0.0802291	0.000280674	0.0500051	0.0500088	88.5112	4.86888e-05	88.5158	5.25422e-05	0.102206	3.29761	0.685855	0.140187	0.685855	0.140187	0.056619	0.0566195	0.000597275	0.00971739	0.107868	0.000644475	0.00972278	0.107868	0.999999	0.00989599	1.00012	0.0594088	6.20956	0.257979	0.248658	1.88044
40	80	0.126926	-64.9999	0	0.0405832	4.91215e-37	1.17007e-31	1.99353e-37	0.919574	0.0801454	0.000280536	0.0500052	0.0500092	88.407	4.89967e-05	88.4115	5.26636e-05	0.103304	3.66489	0.685855	0.140187	0.685855	0.140187	0.0571364	0.057137	0.000601119	0.00997628	0.11171	0.000646026	0.00998165	0.11171	1.01737	0.00972838	1.0175	0.0584026	6.20016	0.254205	0.242539	1.93924
50	80	0.14998	-64.9999	0	0.0405832	4.88667e-37	1.164e-31	1.98318e-37	0.919643	0.0800763	0.000280193	0.0500052	0.0500094	88.3254	4.8999e-05	88.3298	5.24928e-05	0.104371	3.96521	0.685855	0.140187	0.685855	0.140187	0.0571513	0.0571518	0.000601155	0.0100661	0.113398	0.000643931	0.0100715	0.113398	1.02649	0.00964254	1.02662	0.0578873	6.1945	0.251178	0.237636	1.97891
60	80	0.288712	-64.9999	0	0.0405832	4.54237e-37	1.08199e-31	1.84345e-37	0.920434	0.0792903	0.000276006	0.0500056	0.0500118	87.4026	4.88146e-05	87.4062	5.02238e-05	0.149134	7.26263	0.685855	0.140187	0.685855	0.140187	0.0570059	0.0570063	0.00059895	0.0120392	0.130111	0.000616109	0.0120445	0.13011	1.10299	0.00897779	1.10313	0.0538965	6.16962	0.226616	0.196687	2.21764
70	80	0.30154	-64.9999	0	0.0405832	4.67526e-37	1.11365e-31	1.89739e-37	0.920565	0.07916	0.000275418	0.0500057	0.0500121	87.2481	4.88763e-05	87.2514	4.99738e-05	0.175894	7.74134	0.685855	0.140187	0.685855	0.140187	0.0571209	0.0571212	0.000599729	0.0122532	0.131974	0.000613041	0.0122584	0.131974	1.10988	0.00892225	1.11002	0.053563	6.16772	0.223952	0.192837	2.23972
80	80	0.34763	-64.9999	0	0.0405832	4.49021e-37	1.06957e-31	1.82229e-37	0.92112	0.0786062	0.00027344	0.0500066	0.0500125	86.5864	4.9011e-05	86.5866	4.95311e-05	0.538171	8.71218	0.685855	0.140187	0.685855	0.140187	0.0571702	0.0571704	0.000601393	0.0115162	0.127548	0.000607441	0.0115214	0.127548	1.09274	0.00905963	1.09288	0.0543879	6.15065	0.221526	0.191523	2.31903
90	80	0.386205	-64.9999	0	0.0405832	4.62404e-37	1.10144e-31	1.8766e-37	0.922486	0.077244	0.000270406	0.0500078	0.0500132	84.9256	4.99732e-05	84.9263	5.0606e-05	1.76459	10.26	0.685855	0.140187	0.685855	0.140187	0.0576353	0.0576355	0.000613257	0.0168727	0.163181	0.000620633	0.0168779	0.163181	1.21603	0.00814749	1.21617	0.0489121	6.1422	0.216625	0.178549	2.38541
100	80	0.429898	-64.9999	0	0.0405832	4.72201e-37	1.12478e-31	1.91636e-37	0.924153	0.0755802	0.000266678	0.0500092	0.0500144	82.9038	5.0996e-05	82.9053	5.18862e-05	3.26812	11.9748	0.685855	0.140187	0.685855	0.140187	0.05789	0.0578902	0.000625838	0.0187948	0.173487	0.000636307	0.0188	0.173487	1.24545	0.00795501	1.24559	0.0477566	6.1241	0.216598	0.17585	2.4606
10	90	6.91559e-05	-64.9999	0	0.0405832	5.34085e-37	1.27219e-31	2.16751e-37	0.919336	0.0803838	0.000280414	0.0500048	0.050008	88.714	4.75705e-05	88.7186	5.17094e-05	0.100611	2.61584	0.685855	0.140187	0.685855	0.140187	0.0547608	0.0547614	0.000583326	0.00876419	0.0942038	0.000634032	0.00876958	0.0942038	0.930939	0.010623	0.931057	0.0637733	6.24335	0.261792	0.257758	1.72094
20	90	0.0471857	-64.9999	0	0.0405832	5.27319e-37	1.25607e-31	2.14005e-37	0.919404	0.0803154	0.000280685	0.0500049	0.0500084	88.6213	4.82332e-05	88.6259	5.22617e-05	0.101263	2.91729	0.685855	0.140187	0.685855	0.140187	0.0558592	0.0558598	0.000591589	0.00930007	0.101867	0.000640942	0.00930546	0.101867	0.970794	0.010191	0.970917	0.0611798	6.22475	0.260977	0.254347	1.80202
30	90	0.087787	-64.9999	0	0.0405832	5.14822e-37	1.22631e-31	2.08933e-37	0.919481	0.0802386	0.000280737	0.0500051	0.0500088	88.5223	4.87059e-05	88.5268	5.25836e-05	0.102095	3.2562	0.685855	0.140187	0.685855	0.140187	0.0566456	0.0566461	0.000597487	0.0096967	0.107492	0.000644987	0.00970208	0.107492	0.99764	0.00991919	0.997765	0.0595481	6.21143	0.258141	0.24909	1.87189
40	90	0.128388	-64.9999	0	0.0405832	4.85312e-37	1.15601e-31	1.96957e-37	0.919578	0.0801415	0.00028046	0.0500052	0.0500092	88.4035	4.89334e-05	88.408	5.25867e-05	0.103358	3.68087	0.685855	0.140187	0.685855	0.140187	0.0570334	0.0570339	0.000600331	0.0099634	0.111627	0.000645069	0.00996877	0.111627	1.01774	0.00972485	1.01787	0.0583814	6.19966	0.254131	0.242354	1.94175
50	90	0.147765	-64.9999	0	0.0405832	5.01224e-37	1.19391e-31	2.03415e-37	0.919639	0.0800808	0.000280263	0.0500052	0.0500094	88.3297	4.90525e-05	88.3341	5.25601e-05	0.104302	3.94611	0.685855	0.140187	0.685855	0.140187	0.0572384	0.057239	0.000601821	0.0100764	0.113453	0.000644768	0.0100818	0.113453	1.02609	0.00964631	1.02622	0.0579099	6.19559	0.251041	0.237625	1.9751
60	90	0.165603	-64.9999	0	0.0405832	4.72416e-37	1.12529e-31	1.91723e-37	0.919694	0.0800259	0.000280018	0.0500053	0.0500096	88.2642	4.90887e-05	88.2686	5.24577e-05	0.105278	4.18394	0.685855	0.140187	0.685855	0.140187	0.0573076	0.0573081	0.000602279	0.0101846	0.114828	0.00064352	0.01019	0.114827	1.03269	0.00958509	1.03282	0.0575423	6.19074	0.24905	0.234302	2.00579
70	90	0.363131	-64.9999	0	0.0405832	4.72335e-37	1.1251e-31	1.9169e-37	0.921738	0.0779904	0.000271927	0.0500071	0.0500126	85.8382	4.93345e-05	85.8385	4.98519e-05	1.08319	9.49173	0.685855	0.140187	0.685855	0.140187	0.0572162	0.0572163	0.00060537	0.0162626	0.158966	0.000611362	0.0162678	0.158965	1.20466	0.00822452	1.2048	0.0493744	6.15051	0.217617	0.181041	2.3457
80	90	0.372854	-64.9999	0	0.0405832	4.85972e-37	1.15758e-31	1.97225e-37	0.921862	0.0778665	0.000271772	0.0500073	0.0500128	85.6845	4.95348e-05	85.6849	5.00907e-05	1.20196	9.55826	0.685855	0.140187	0.685855	0.140187	0.0574401	0.0574403	0.000607853	0.0149354	0.151296	0.000614309	0.0149406	0.151295	1.17962	0.00839743	1.17976	0.0504125	6.14422	0.219071	0.183649	2.36243
90	90	0.378306	-64.9999	0	0.0405832	4.86779e-37	1.15951e-31	1.97552e-37	0.922175	0.0775538	0.000270983	0.0500075	0.0500129	85.3053	4.96492e-05	85.3058	5.02292e-05	1.48141	9.92718	0.685855	0.140187	0.685855	0.140187	0.0573742	0.0573744	0.000609252	0.0169004	0.162458	0.000615994	0.0169056	0.162458	1.21458	0.00815747	1.21472	0.048972	6.14457	0.217335	0.179819	2.37182
100	90	0.423285	-64.9999	0	0.0405832	4.91227e-37	1.1701e-31	1.99357e-37	0.924039	0.0756935	0.000267021	0.0500091	0.0500143	83.0398	5.10482e-05	83.0412	5.19034e-05	3.16965	11.8881	0.685855	0.140187	0.685855	0.140187	0.0580619	0.0580622	0.0006265	0.0196356	0.17918	0.000636545	0.0196408	0.17918	1.25949	0.00786723	1.25963	0.0472296	6.1284	0.215561	0.174181	2.44922
10	100	0.00426499	-64.9999	0	0.0405832	5.15054e-37	1.22686e-31	2.09027e-37	0.919341	0.0803789	0.000280351	0.0500048	0.050008	88.7089	4.75282e-05	88.7134	5.16521e-05	0.100654	2.63624	0.685855	0.140187	0.685855	0.140187	0.0546922	0.0546927	0.0005828	0.00878974	0.0946859	0.00063332	0.00879514	0.0946858	0.934675	0.010581	0.934794	0.063521	6.24127	0.262056	0.2578	1.72816
20	100	0.053673	-64.9999	0	0.0405832	5.22737e-37	1.24516e-31	2.12145e-37	0.919415	0.0803043	0.000280656	0.0500049	0.0500085	88.6077	4.82613e-05	88.6122	5.22652e-05	0.101376	2.96555	0.685855	0.140187	0.685855	0.140187	0.0559071	0.0559077	0.000591941	0.00935149	0.102645	0.000640991	0.00935687	0.102645	0.975115	0.0101463	0.975238	0.0609112	6.22239	0.260696	0.253713	1.81318
30	100	0.0957602	-64.9999	0	0.0405832	5.19048e-37	1.23637e-31	2.10648e-37	0.919498	0.080221	0.000280705	0.0500051	0.0500089	88.5003	4.87677e-05	88.5048	5.26062e-05	0.102308	3.33312	0.685855	0.140187	0.685855	0.140187	0.0567498	0.0567504	0.000598259	0.00975453	0.10835	0.000645276	0.00975991	0.10835	1.0017	0.00987935	1.00182	0.0593089	6.20905	0.257394	0.247859	1.88561
40	100	0.115893	-64.9999	0	0.0405832	5.1539e-37	1.22766e-31	2.09164e-37	0.919547	0.0801727	0.000280565	0.0500051	0.0500091	88.4414	4.8878e-05	88.4458	5.26051e-05	0.102925	3.54436	0.685855	0.140187	0.685855	0.140187	0.0569378	0.0569384	0.000599638	0.00989358	0.110505	0.000645284	0.00989895	0.110505	1.01229	0.00977678	1.01242	0.0586931	6.20336	0.255296	0.244361	1.92025
50	100	0.15107	-64.9999	0	0.0405832	4.97145e-37	1.1842e-31	2.01759e-37	0.919649	0.0800705	0.000280191	0.0500052	0.0500094	88.3179	4.90305e-05	88.3224	5.25109e-05	0.104472	3.99057	0.685855	0.140187	0.685855	0.140187	0.0572041	0.0572046	0.000601548	0.0100998	0.113739	0.000644159	0.0101052	0.113739	1.02782	0.00963019	1.02795	0.0578131	6.19475	0.250635	0.236921	1.98078
60	100	0.176197	-64.9999	0	0.0405832	4.92307e-37	1.17267e-31	1.99796e-37	0.91973	0.07999	0.000279885	0.0500053	0.0500097	88.2209	4.91437e-05	88.2253	5.24232e-05	0.105986	4.33977	0.685855	0.140187	0.685855	0.140187	0.0574042	0.0574047	0.000602968	0.0102508	0.115647	0.000643109	0.0102561	0.115647	1.03616	0.00955321	1.03629	0.057351	6.18803	0.247745	0.23215	2.02402
70	100	0.298816	-64.9999	0	0.0405832	4.91595e-37	1.17098e-31	1.99507e-37	0.920587	0.0791371	0.000275473	0.0500058	0.0500122	87.218	4.90612e-05	87.2212	5.01157e-05	0.18168	7.83499	0.685855	0.140187	0.685855	0.140187	0.05742	0.0574203	0.000602033	0.0122397	0.132435	0.000614812	0.012245	0.132434	1.10998	0.00892139	1.11012	0.0535578	6.17133	0.222052	0.190704	2.23503
80	100	0.351535	-64.9999	0	0.0405832	5.00685e-37	1.19263e-31	2.03196e-37	0.921244	0.0784828	0.000273213	0.0500068	0.0500125	86.4351	4.9174e-05	86.4352	4.96851e-05	0.649419	8.84637	0.685855	0.140187	0.685855	0.140187	0.0573456	0.0573458	0.000603414	0.0122589	0.132969	0.000609342	0.0122641	0.132968	1.11347	0.00889234	1.11361	0.0533836	6.15014	0.220831	0.18963	2.32575
90	100	0.41625	-64.9999	0	0.0405832	5.07096e-37	1.2079e-31	2.05798e-37	0.923799	0.0759334	0.000267498	0.0500089	0.050014	83.3321	5.08628e-05	83.3334	5.16496e-05	2.95002	11.6771	0.685855	0.140187	0.685855	0.140187	0.0579769	0.0579771	0.000624217	0.0216734	0.190138	0.00063344	0.0216786	0.190138	1.28622	0.00770533	1.28636	0.0462577	6.13213	0.21517	0.172933	2.43711
100	100	0.446028	-64.9999	0	0.0405832	4.87382e-37	1.16094e-31	1.97797e-37	0.92531	0.0744259	0.000264517	0.0500102	0.0500151	81.4979	5.22388e-05	81.4999	5.32719e-05	4.32437	13.2165	0.685855	0.140187	0.685855	0.140187	0.0588393	0.0588395	0.000641201	0.0219802	0.193385	0.00065338	0.0219855	0.193384	1.29129	0.00767388	1.29144	0.046069	6.11975	0.215041	0.171724	2.48835
