|Cycle	$RunName	#Layer1_Ge.Avg	#Layer1_Act.Avg	#Inhib1_Ge.Avg	#Inhib1_Act.Avg	#Layer2_Ge.Avg	#Layer2_Act.Avg	#Inhib2_Ge.Avg	#Inhib2_Act.Avg	#Layer0_Spikes	#Layer1_Spikes	#Layer1_Gi	#Layer1_SGi	#Layer1_OGi	#Layer1_FFs	#Layer1_FBs	#Layer1_FSi	#Layer1_SSi	#Layer1_FSd	#Layer1_FSGi	#Layer1_SSGi	#Layer1_OFFi	#Layer1_OFBi	#Inhib1_Spikes	#Inhib1_Gi	#Inhib1_SGi	#Inhib1_OGi	#Inhib1_FFs	#Inhib1_FBs	#Inhib1_FSi	#Inhib1_SSi	#Inhib1_FSd	#Inhib1_FSGi	#Inhib1_SSGi	#Inhib1_OFFi	#Inhib1_OFBi	#Layer2_Spikes	#Layer2_Gi	#Layer2_SGi	#Layer2_OGi	#Layer2_FFs	#Layer2_FBs	#Layer2_FSi	#Layer2_SSi	#Layer2_FSd	#Layer2_FSGi	#Layer2_SSGi	#Layer2_OFFi	#Layer2_OFBi	#Inhib2_Spikes	#Inhib2_Gi	#Inhib2_SGi	#Inhib2_OGi	#Inhib2_FFs	#Inhib2_FBs	#Inhib2_FSi	#Inhib2_SSi	#Inhib2_FSd	#Inhib2_FSGi	#Inhib2_SSGi	#Inhib2_OFFi	#Inhib2_OFBi
0		0	0	0	0	0	0	0	0	0	0	0	0	0	0	0	0	0	0	0	0	0	0	0	0	0	0	0	0	0	0	0	0	0	0	0	0	0	0	0	0	0	0	0	0	0	0	0	0	0	0	0	0	0	0	0	0	0	0	0	0	0
1	Base	0	0	0	0	0	0	0	0	0	0	0	0	0	0	0	0	0	0	0	0	0	0	0	0	0	0	0	0	0	0	0	0	0	0	0	0	0	0	0	0	0	0	0	0	0	0	0	0	0	0	0	0	0	0	0	0	0	0	0	0	0
2	Base	0	0	9.688e-34	0	0	0	9.688e-34	0	0	0	0	0	0	0	0	0	0	0	0	0	0	0	0	0	0	0	0	0	0	0	0	0	0	0	0	0	0	0	0	0	0	0	0	0	0	0	0	0	0	0	0	0	0	0	0	0	0	0	0	0	0
3	Base	0	0	9.729e-33	0	0	0	9.729e-33	0	0	0	0	0	0	0	0	0	0	0	0	0	0	0	0	0	0	0	0	0	0	0	0	0	0	0	0	0	0	0	0	0	0	0	0	0	0	0	0	0	0	0	0	0	0	0	0	0	0	0	0	0	0
4	Base	0	0	3.173e-32	0	0	0	3.173e-32	0	0.08	0	0	0	0	0	0	0	0	0	0	0	0	0	0	0	0	0	0	0	0	0	0	0	0	0	0	0	0	0	0	0	0	0	0	0	0	0	0	0	0	0	0	0	0	0	0	0	0	0	0	0	0
5	Base	0	0	0.1783	0	0	0	6.625e-32	0	0.03	0	0	0	0	0	0	0	0	0	0	0	0	0	0	0.07834	0.1567	0.07834	0.1783	0	0.07834	0	0.003917	0.07834	0	0.07834	0	0	0	0	0	0	0	0	0	0	0	0	0	0	0	0	0	0	0	0	0	0	0	0	0	0	0
6	Base	0.337	0	0.2102	0	0	0	1.095e-31	0	0.04	0	0.237	0.4696	0.237	0.3348	0	0.2348	0	0.01174	0.2348	0	0.237	0	0	0.1102	0.1253	0.1102	0.06754	0	0.06267	0	0.006855	0.06267	0	0.1102	0	0	0	0	0	0	0	0	0	0	0	0	0	0	0	0	0	0	0	0	0	0	0	0	0	0	0
7	Base	0.396	0	0.2618	0	0	0	1.574e-31	0	0	0	0.296	0.4246	0.296	0.1244	0	0.2123	0	0.02177	0.2123	0	0.296	0	0	0.1618	0.1003	0.1618	0.09361	0	0.05014	0	0.009019	0.05014	0	0.1618	0	0	0	0	0	0	0	0	0	0	0	0	0	0	0	0	0	0	0	0	0	0	0	0	0	0	0
8	Base	0.488	0	0.2094	0	0	0	2.067e-31	0	0	0	0.388	0.4757	0.388	0.168	0	0.2378	0	0.03257	0.2378	0	0.388	0	0	0.1094	0.08022	0.1094	0	0	0.04011	0	0.01057	0.04011	0	0.1094	0	0	0	0	0	0	0	0	0	0	0	0	0	0	0	0	0	0	0	0	0	0	0	0	0	0	0
9	Base	0.3929	0	0.1675	0	0	0	2.551e-31	0	0	0	0.2929	0.3806	0.2929	0	0	0.1903	0	0.04046	0.1903	0	0.2929	0	0	0.06754	0.06418	0.06754	0	0	0.03209	0	0.01165	0.03209	0	0.06754	0	0	0	0	0	0	0	0	0	0	0	0	0	0	0	0	0	0	0	0	0	0	0	0	0	0	0
10	Base	0.3168	0	0.134	0	0	0	3.015e-31	0	0	0	0.2168	0.3044	0.2168	0	0	0.1522	0	0.04605	0.1522	0	0.2168	0	0	0.03403	0.05134	0.03403	0	0	0.02567	0	0.01235	0.02567	0	0.03403	0	0	0	0	0	0	0	0	0	0	0	0	0	0	0	0	0	0	0	0	0	0	0	0	0	0	0
11	Base	0.2558	0	0.1072	0	0	0	3.454e-31	0	0.07	0	0.1558	0.2436	0.1558	0	0	0.1218	0	0.04983	0.1218	0	0.1558	0	0	0.007225	0.04107	0.007225	0	0	0.02054	0	0.01276	0.02054	0	0.007225	0	0	0	0	0	0	0	0	0	0	0	0	0	0	0	0	0	0	0	0	0	0	0	0	0	0	0
12	Base	0.207	0	0.2447	0	0	0	3.864e-31	0	0.01	0	0.107	0.1948	0.107	0	0	0.09742	0	0.05221	0.09742	0	0.107	0	0	0.1447	0.1506	0.1447	0.1589	0	0.07531	0	0.01589	0.07531	0	0.1447	0	0	0	0	0	0	0	0	0	0	0	0	0	0	0	0	0	0	0	0	0	0	0	0	0	0	0
13	Base	0.4666	0	0.2152	0	0	0	4.248e-31	0	0.03	0	0.3666	0.5433	0.3666	0.2937	0	0.2716	0	0.06318	0.2716	0	0.3666	0	0.25	0.1152	0.1205	0.1152	0.01947	0	0.06025	0	0.01811	0.06025	0	0.1152	0	0	0	0	0	0	0	0	0	0	0	0	0	0	0	0	0	0	0	0	0	0	0	0	0	0	0
14	Base	0.4194	0	0.2397	0	0	0	4.607e-31	0	0	0.01	0.3194	0.4346	0.3194	0.04112	0	0.2173	0	0.07089	0.2173	0	0.3194	0	0.2	0.1397	0.2214	0.1397	0.06754	0.25	0.0482	0.00625	0.01961	0.0482	0.00625	0.1397	0	0	0	0	0	0	0	0	0	0	0	0	0	0	0	0	0	0	0	0	0	0	0	0	0	0	0
15	Base	0.467	0	0.1967	0	0	0	0.04003	0	0.03	0.08	0.367	0.4015	0.367	0.1244	0.01	0.1983	0.00025	0.07726	0.1983	0.00025	0.367	0	0.3	0.09675	0.299	0.09675	0.004653	0.2	0.03856	0.01109	0.02056	0.03856	0.01109	0.09675	0	0	0	0	0	0	0	0	0	0	0	0	0	0	0	0	0	0	0.04003	0	0	0	0	0	0	0	0
16	Base	0.38	0	0.2644	0	0.05182	0	0.3718	0	0.01	0.14	0.28	0.3621	0.28	0	0.08	0.1586	0.002244	0.08133	0.1586	0.002244	0.28	0	0.1	0.1644	0.4406	0.1644	0.1063	0.3	0.03713	0.01832	0.02139	0.03713	0.01832	0.1644	0	0	0	0	0	0.05149	0	0	0	0	0	0	0	0	0	0.2718	0.4796	0.2718	0.3398	0	0.2398	0	0.01199	0.2398	0	0.2718	0
17	Base	0.4399	0	0.2991	0	0.4413	0	0.8704	0	0	0.08	0.3399	0.4185	0.3399	0.1255	0.14	0.1524	0.005688	0.08488	0.1524	0.005688	0.3399	0	0.05	0.1991	0.4666	0.1991	0.08687	0.1	0.02971	0.02036	0.0218	0.02971	0.02036	0.1991	0	0	0.3413	0.5943	0.3413	0.3971	0	0.2971	0	0.01486	0.2971	0	0.3413	0	0	0.7704	1.33	0.7704	0.5729	0	0.6648	0	0.04463	0.6648	0	0.7704	0
18	Base	0.4021	0	0.2766	0	1.063	0	1.037	0	0.06	0.18	0.3021	0.3947	0.3021	0.04252	0.08	0.1219	0.007545	0.08673	0.1219	0.007545	0.3021	0	0	0.1766	0.4695	0.1766	0.03751	0.05	0.02377	0.0211	0.0219	0.02377	0.0211	0.1766	0	0	0.9633	1.681	0.9633	0.7026	0	0.8403	0	0.05613	0.8403	0	0.9633	0	0	0.9367	1.544	0.9367	0.3404	0	0.7722	0	0.081	0.7722	0	0.9367	0
19	Base	0.3295	0	0.4393	0	1.265	0	1.565	0	0.01	0.09	0.2295	0.4322	0.2295	0	0.18	0.09753	0.01186	0.08727	0.09753	0.01186	0.2295	0	0.1	0.3393	0.6855	0.3393	0.218	0	0.137	0.02057	0.02766	0.137	0.02057	0.3393	0	0	1.165	1.946	1.165	0.401	0	0.9732	0	0.102	0.9732	0	1.165	0	0	1.465	2.508	1.465	0.736	0	1.254	0	0.1396	1.254	0	1.465	0
20	Base	0.5295	0	0.4136	0	1.942	0	1.622	0	0.01	0.04	0.4295	0.7398	0.4295	0.2538	0.09	0.2318	0.01381	0.0945	0.2318	0.01381	0.4295	0	0	0.3136	0.6704	0.3136	0.06228	0.1	0.1096	0.02256	0.03175	0.1096	0.02256	0.3136	0	0	1.842	3.161	1.842	0.9021	0	1.581	0	0.1759	1.581	0	1.842	0	0	1.522	2.545	1.522	0.3693	0	1.272	0	0.1963	1.272	0	1.522	0
21	Base	0.4695	0	0.37	0	2.032	0	1.458	0	0.03	0.03	0.3695	0.6602	0.3695	0.03993	0.04	0.1854	0.01447	0.09904	0.1854	0.01447	0.3695	0	0	0.27	0.6153	0.27	0.03864	0	0.08769	0.02199	0.03455	0.08769	0.02199	0.27	0	0	1.932	3.225	1.932	0.4479	0	1.612	0	0.2477	1.612	0	1.932	0	0.15	1.358	2.158	1.358	0.161	0	1.079	0	0.2404	1.079	0	1.358	0
22	Base	0.4232	0	0.3772	0.001098	1.848	0	1.298	0	0	0.08	0.3232	0.5938	0.3232	0.04112	0.03	0.1483	0.01485	0.1015	0.1483	0.01485	0.3232	0	0.15	0.2772	0.5692	0.2772	0.08145	0	0.07016	0.02144	0.03633	0.07016	0.02144	0.2772	0	0	1.748	2.778	1.748	0.199	0	1.389	0	0.3048	1.389	0	1.748	0	0.3	1.198	1.863	1.198	0.1309	0.15	0.894	0.00375	0.2731	0.894	0.00375	1.198	0
23	Base	0.4736	0	0.3384	0.004625	1.652	0	1.379	0	0	0.08	0.3736	0.6159	0.3736	0.1244	0.08	0.1431	0.01648	0.1036	0.1431	0.01648	0.3736	0	0.25	0.2391	0.6054	0.2391	0.03673	0.15	0.05612	0.02466	0.03732	0.05612	0.02466	0.2384	0.0007846	0.01	1.552	2.326	1.552	0.1519	0	1.163	0	0.3477	1.163	0	1.552	0	0.35	1.279	2.135	1.279	0.3409	0.3	0.9561	0.01116	0.3072	0.9561	0.01116	1.279	0
24	Base	0.3875	0	0.3085	0.009951	1.746	0	1.444	0	0.02	0.03	0.2875	0.5904	0.2875	0	0.08	0.1145	0.01807	0.1041	0.1145	0.01807	0.2875	0	0.05	0.212	0.6956	0.212	0.03683	0.25	0.0449	0.03029	0.0377	0.0449	0.03029	0.2085	0.003528	0.07	1.646	2.458	1.646	0.3962	0.01	1.227	0.00025	0.3917	1.227	0.00025	1.646	0	0.1	1.344	2.401	1.344	0.3395	0.35	1.004	0.01963	0.3421	1.004	0.01963	1.344	0
25	Base	0.3168	0	0.3317	0.01831	1.832	0	1.34	0	0.06	0.01	0.2168	0.5505	0.2168	0	0.03	0.09159	0.01837	0.1035	0.09159	0.01837	0.2168	0	0.3	0.2398	0.6875	0.2398	0.08145	0.05	0.03592	0.03078	0.03761	0.03592	0.03078	0.2317	0.008116	0.17	1.732	2.603	1.732	0.4001	0.07	1.281	0.001994	0.4362	1.281	0.001994	1.732	0	0.05	1.24	2.204	1.24	0.182	0.1	0.8855	0.02164	0.3693	0.8855	0.02164	1.24	0
26	Base	0.3546	0.0001148	0.5744	0.02846	1.649	0	1.254	0	0.02	0.02	0.2546	0.5097	0.2546	0.09252	0.01	0.07327	0.01816	0.102	0.07327	0.01816	0.2546	0	0	0.4898	1.214	0.4898	0.3029	0.3	0.2316	0.03751	0.04731	0.2316	0.03751	0.4744	0.0154	0.28	1.549	2.274	1.549	0.1498	0.17	1.075	0.006194	0.4681	1.075	0.006194	1.549	0	0.05	1.154	2.028	1.154	0.1822	0.05	0.7906	0.02235	0.3903	0.7906	0.02235	1.154	0
27	Base	0.6111	0.0004096	0.9164	0.04021	1.401	0	1.313	0	0.01	0.02	0.5112	0.9053	0.5112	0.312	0.02	0.2706	0.01821	0.1104	0.2706	0.01821	0.5111	8.202e-05	0.1	0.8412	1.799	0.8412	0.4483	0	0.5336	0.03658	0.07162	0.5336	0.03658	0.8164	0.02473	0.14	1.301	1.981	1.301	0.05069	0.28	0.86	0.01304	0.4877	0.86	0.01304	1.301	0	0	1.213	2.147	1.213	0.3106	0.05	0.8431	0.02304	0.413	0.8431	0.02304	1.213	0
28	Base	0.7321	0.001016	1.393	0.0531	1.239	0	1.253	0.0009415	0.01	0.06	0.6324	1.053	0.6324	0.2274	0.02	0.3439	0.01825	0.1221	0.3439	0.01825	0.6321	0.000316	0.05	1.329	2.734	1.329	0.6583	0.1	0.9851	0.03816	0.1173	0.9851	0.03816	1.293	0.03579	0.08	1.139	1.701	1.139	0.1002	0.14	0.6881	0.01621	0.4977	0.6881	0.01621	1.139	0	0.1	1.153	2.005	1.153	0.2034	0	0.7778	0.02246	0.4312	0.7778	0.02246	1.153	0
29	Base	0.8776	0.002211	1.484	0.06657	1.107	0	1.313	0.004282	0.02	0.09	0.7784	1.281	0.7784	0.2722	0.06	0.4473	0.01929	0.1384	0.4473	0.01929	0.7776	0.0008159	0	1.433	2.894	1.433	0.3743	0.05	1.062	0.03846	0.1646	1.062	0.03846	1.384	0.04816	0.11	1.007	1.457	1.007	0.09926	0.08	0.5505	0.01781	0.5004	0.5505	0.01781	1.007	0	0.2	1.214	2.154	1.214	0.3109	0.1	0.8332	0.0244	0.4513	0.8332	0.0244	1.213	0.0006725
30	Base	0.8784	0.004087	1.454	0.08022	1.214	0	1.51	0.01225	0.01	0.07	0.7802	1.252	0.7802	0.1575	0.09	0.4154	0.02106	0.1522	0.4154	0.02106	0.7784	0.001812	0	1.415	2.788	1.415	0.2691	0	1.019	0.0375	0.2073	1.019	0.0375	1.354	0.06131	0.06	1.114	1.685	1.114	0.301	0.11	0.6414	0.02011	0.5074	0.6414	0.02011	1.114	0	0.35	1.414	2.626	1.414	0.4586	0.2	1.025	0.02879	0.48	1.025	0.02879	1.41	0.003251
31	Base	0.8707	0.006413	1.465	0.09384	1.452	0	1.551	0.02426	0	0.01	0.7742	1.211	0.7742	0.1504	0.07	0.3828	0.02228	0.1637	0.3828	0.02228	0.7707	0.003437	0.1	1.439	2.767	1.439	0.3029	0	1.018	0.03656	0.2478	1.018	0.03656	1.365	0.07482	0.06	1.352	2.149	1.352	0.4501	0.06	0.8632	0.02111	0.5252	0.8632	0.02111	1.352	0	0.15	1.461	2.86	1.461	0.3418	0.35	1.062	0.03682	0.5091	1.062	0.03682	1.451	0.009682
32	Base	0.8424	0.009308	1.31	0.1073	1.546	0	1.339	0.03942	0.04	0.07	0.748	1.116	0.748	0.1318	0.01	0.3381	0.02198	0.1725	0.3381	0.02198	0.7424	0.005563	0.1	1.299	2.47	1.299	0.1389	0.1	0.8533	0.03815	0.2781	0.8533	0.03815	1.21	0.0884	0.02	1.446	2.326	1.446	0.3517	0.06	0.9423	0.02208	0.5461	0.9423	0.02208	1.446	0	0.1	1.26	2.492	1.26	0.09447	0.15	0.8495	0.03965	0.5261	0.8495	0.03965	1.239	0.0201
33	Base	0.7392	0.01287	1.306	0.1204	1.312	0	1.385	0.05678	0.02	0.09	0.6474	1.004	0.6474	0.04951	0.07	0.2704	0.02318	0.1774	0.2704	0.02318	0.6392	0.008238	0.15	1.308	2.475	1.308	0.2579	0.1	0.8406	0.03969	0.3062	0.8406	0.03969	1.206	0.1019	0	1.212	1.948	1.212	0.05072	0.02	0.7538	0.02203	0.5564	0.7538	0.02203	1.212	0	0.05	1.319	2.611	1.319	0.3141	0.1	0.8937	0.04116	0.5445	0.8937	0.04116	1.285	0.0339
34	Base	0.8318	0.01717	1.174	0.1332	1.435	0	1.482	0.07572	0.02	0.1	0.7433	1.166	0.7433	0.2181	0.09	0.3345	0.02485	0.1852	0.3345	0.02485	0.7318	0.01154	0.05	1.189	2.251	1.189	0.1286	0.15	0.7011	0.04245	0.326	0.7011	0.04245	1.074	0.1151	0	1.335	2.142	1.335	0.353	0	0.856	0.02148	0.5714	0.856	0.02148	1.335	0	0.1	1.432	2.806	1.432	0.3742	0.05	0.9892	0.04138	0.5667	0.9892	0.04138	1.382	0.05024
35	Base	0.7861	0.02232	1.033	0.1456	1.641	0.0002406	1.596	0.09542	0.02	0.11	0.7017	1.072	0.7017	0.101	0.1	0.2686	0.02673	0.1894	0.2686	0.02673	0.6861	0.01556	0.1	1.061	1.974	1.061	0.09263	0.05	0.5609	0.04264	0.3377	0.5609	0.04264	0.9327	0.128	0.04	1.541	2.495	1.541	0.4534	0	1.038	0.02094	0.5948	1.038	0.02094	1.541	0	0.05	1.565	3.062	1.565	0.4112	0.1	1.103	0.04284	0.5935	1.103	0.04284	1.496	0.06844
36	Base	0.7316	0.02806	0.9225	0.1575	1.86	0.0008689	1.754	0.1154	0.02	0.04	0.652	1.006	0.652	0.08492	0.11	0.2149	0.02881	0.1907	0.2149	0.02881	0.6316	0.02039	0	0.9631	1.779	0.9631	0.09653	0.1	0.4487	0.04407	0.3433	0.4487	0.04407	0.8225	0.1406	0.04	1.76	2.888	1.76	0.499	0.04	1.23	0.02142	0.6265	1.23	0.02142	1.76	0.0001719	0	1.742	3.38	1.742	0.4778	0.05	1.26	0.04302	0.6268	1.26	0.04302	1.654	0.08771
37	Base	0.6805	0.03414	0.8914	0.1691	2.089	0.002062	1.608	0.1352	0.01	0.01	0.6063	0.9256	0.6063	0.08124	0.04	0.1719	0.02909	0.1897	0.1719	0.02909	0.5805	0.02587	0	0.9441	1.684	0.9441	0.1532	0	0.4122	0.04297	0.3467	0.4122	0.04297	0.7914	0.1527	0.06	1.99	3.309	1.99	0.5518	0.04	1.436	0.02188	0.667	1.436	0.02188	1.989	0.0006698	0.1	1.616	3.064	1.616	0.2047	0	1.113	0.04195	0.6511	1.113	0.04195	1.508	0.1075
38	Base	0.6759	0.04051	0.835	0.1802	1.913	0.004237	1.377	0.1547	0.01	0.07	0.6076	0.8814	0.6076	0.117	0.01	0.1546	0.02861	0.188	0.1546	0.02861	0.5759	0.03177	0	0.8994	1.542	0.8994	0.1223	0	0.352	0.0419	0.347	0.352	0.0419	0.735	0.1644	0.12	1.814	2.951	1.814	0.1987	0.06	1.247	0.02284	0.696	1.247	0.02284	1.813	0.001664	0	1.404	2.648	1.404	0.09078	0.1	0.8901	0.0434	0.6631	0.8901	0.0434	1.277	0.1273
39	Base	0.6333	0.04701	0.8563	0.1908	1.624	0.007527	1.499	0.1736	0.04	0.02	0.5713	0.8403	0.5713	0.07521	0.07	0.1237	0.02965	0.1847	0.1237	0.02965	0.5333	0.03802	0	0.932	1.557	0.932	0.1885	0	0.3701	0.04085	0.3481	0.3701	0.04085	0.7563	0.1757	0.11	1.528	2.501	1.528	0.04972	0.12	0.9977	0.02527	0.7111	0.9977	0.02527	1.524	0.003502	0.1	1.546	2.865	1.546	0.3972	0	1.009	0.04231	0.6804	1.009	0.04231	1.399	0.1469
40	Base	0.6149	0.05357	1.056	0.2009	1.693	0.01156	1.377	0.1916	0.01	0.05	0.5593	0.786	0.5593	0.0923	0.02	0.09893	0.02941	0.1805	0.09893	0.02941	0.5149	0.04444	0	1.143	1.932	1.143	0.3715	0	0.5675	0.03983	0.3591	0.5675	0.03983	0.9564	0.1865	0.02	1.6	2.64	1.6	0.3479	0.11	1.046	0.02738	0.7278	1.046	0.02738	1.593	0.006377	0.1	1.443	2.646	1.443	0.1782	0.1	0.8856	0.04376	0.6906	0.8856	0.04376	1.277	0.1659
41	Base	0.7833	0.06015	1.14	0.2104	1.483	0.01629	1.317	0.2087	0.01	0.02	0.7343	1.094	0.7343	0.2685	0.05	0.2477	0.02992	0.1838	0.2477	0.02992	0.6833	0.05096	0	1.236	2.074	1.236	0.2945	0	0.6485	0.03883	0.3736	0.6485	0.03883	1.04	0.1968	0.06	1.393	2.218	1.393	0.1003	0.02	0.8371	0.0272	0.7333	0.8371	0.0272	1.383	0.01008	0	1.401	2.55	1.401	0.2147	0.1	0.8232	0.04516	0.6973	0.8232	0.04516	1.217	0.1843
42	Base	0.7792	0.06669	0.9917	0.2192	1.479	0.02165	1.187	0.2247	0.02	0.04	0.7367	1.057	0.7367	0.1338	0.02	0.2319	0.02967	0.1862	0.2319	0.02967	0.6792	0.05753	0	1.098	1.795	1.098	0.08001	0	0.5188	0.03786	0.3808	0.5188	0.03786	0.8917	0.2065	0.06	1.393	2.203	1.393	0.2516	0.06	0.8213	0.02802	0.7377	0.8213	0.02802	1.379	0.01452	0	1.289	2.262	1.289	0.1324	0	0.6909	0.04403	0.697	0.6909	0.04403	1.087	0.2017
43	Base	0.7026	0.07316	0.9938	0.2274	1.324	0.02754	1.163	0.2395	0.01	0.07	0.6666	0.9697	0.6666	0.05974	0.04	0.1856	0.02993	0.1862	0.1856	0.02993	0.6026	0.06407	0	1.109	1.769	1.109	0.2004	0	0.5155	0.03691	0.3876	0.5155	0.03691	0.8938	0.2156	0.05	1.243	1.893	1.243	0.1013	0.06	0.6583	0.02882	0.7337	0.6583	0.02882	1.224	0.01961	0	1.281	2.193	1.281	0.2142	0	0.667	0.04293	0.6955	0.667	0.04293	1.063	0.2181
44	Base	0.7175	0.07951	0.9845	0.2349	1.301	0.03393	1.263	0.2532	0.02	0.02	0.688	0.9825	0.688	0.1335	0.07	0.1819	0.03093	0.186	0.1819	0.03093	0.6175	0.07056	0	1.109	1.724	1.109	0.1895	0	0.5019	0.03599	0.3933	0.5019	0.03599	0.8845	0.224	0.06	1.226	1.84	1.226	0.2001	0.05	0.6267	0.02935	0.7283	0.6267	0.02935	1.201	0.02527	0	1.397	2.37	1.397	0.3331	0	0.7666	0.04186	0.699	0.7666	0.04186	1.163	0.2334
45	Base	0.6807	0.08576	0.9553	0.2417	1.442	0.0408	1.145	0.2656	0.01	0.03	0.6576	0.9042	0.6576	0.08984	0.02	0.1455	0.03066	0.184	0.1455	0.03066	0.5807	0.07695	0	1.087	1.64	1.087	0.1677	0	0.4692	0.03509	0.3971	0.4692	0.03509	0.8553	0.2318	0.07	1.373	2.111	1.373	0.3527	0.06	0.7541	0.03011	0.7296	0.7541	0.03011	1.342	0.03145	0.05	1.292	2.111	1.292	0.1341	0	0.6474	0.04081	0.6964	0.6474	0.04081	1.045	0.2475
46	Base	0.6873	0.09187	0.9385	0.2477	1.292	0.04797	1.103	0.2767	0.04	0	0.6706	0.896	0.6706	0.1251	0.03	0.1416	0.03064	0.1818	0.1416	0.03064	0.5873	0.08324	0	1.077	1.584	1.077	0.1743	0	0.4497	0.03421	0.3997	0.4497	0.03421	0.8385	0.2389	0.04	1.231	1.829	1.231	0.09779	0.07	0.6033	0.03111	0.7233	0.6033	0.03111	1.192	0.03813	0	1.263	2.031	1.263	0.1871	0.05	0.6051	0.04104	0.6919	0.6051	0.04104	1.003	0.2604
47	Base	0.6582	0.09782	1.001	0.2529	1.22	0.05543	0.915	0.2866	0.02	0.01	0.6476	0.824	0.6476	0.09177	0	0.1133	0.02988	0.1784	0.1133	0.02988	0.5582	0.0894	0	1.146	1.687	1.146	0.2503	0	0.51	0.03336	0.4052	0.51	0.03336	0.9012	0.2452	0.06	1.165	1.688	1.165	0.1478	0.04	0.5304	0.03133	0.7137	0.5304	0.03133	1.12	0.04516	0	1.087	1.768	1.087	0.03267	0	0.484	0.04002	0.6815	0.484	0.04002	0.815	0.272
48	Base	0.774	0.1036	0.9431	0.2574	1.013	0.06297	0.823	0.2953	0.02	0.02	0.7694	1.021	0.7694	0.2259	0.01	0.2165	0.02938	0.1803	0.2165	0.02938	0.674	0.09541	0	1.094	1.551	1.094	0.1421	0	0.4502	0.03253	0.4075	0.4502	0.03253	0.8431	0.2507	0.02	0.9656	1.49	0.9656	0	0.06	0.4243	0.03205	0.6992	0.4243	0.03205	0.9131	0.05249	0	1.005	1.555	1.005	0.09097	0	0.3872	0.03902	0.6668	0.3872	0.03902	0.723	0.2824
49	Base	0.7576	0.1092	0.9474	0.261	0.8942	0.07053	0.7567	0.3028	0.01	0.01	0.7588	0.9647	0.7588	0.1177	0.02	0.1909	0.02915	0.1808	0.1909	0.02915	0.6576	0.1013	0	1.103	1.54	1.103	0.193	0	0.4531	0.03171	0.4097	0.4531	0.03171	0.8474	0.2555	0.03	0.8542	1.314	0.8542	0.05072	0.02	0.3395	0.03175	0.6812	0.3395	0.03175	0.7942	0.05998	0	0.9483	1.38	0.9483	0.09838	0	0.3098	0.03804	0.6489	0.3098	0.03804	0.6567	0.2916
50	Base	0.7594	0.1146	0.8306	0.2638	0.8511	0.0781	0.6719	0.3093	0.01	0	0.7663	0.9444	0.7663	0.1328	0.01	0.1855	0.02867	0.1811	0.1855	0.02867	0.6594	0.1069	0	0.99	1.343	0.99	0.07262	0	0.3625	0.03092	0.4074	0.3625	0.03092	0.7306	0.2594	0.07	0.8186	1.177	0.8186	0.09841	0.03	0.2716	0.03171	0.6607	0.2716	0.03171	0.7511	0.06752	0	0.8715	1.237	0.8715	0.0665	0	0.2478	0.03709	0.6289	0.2478	0.03709	0.5719	0.2996
51	Base	0.6863	0.1197	0.7538	0.266	0.7729	0.08559	0.5963	0.3147	0.01	0.01	0.6986	0.8558	0.6986	0.06025	0	0.1484	0.02795	0.1794	0.1484	0.02795	0.5863	0.1124	0	0.9164	1.183	0.9164	0.08935	0	0.29	0.03015	0.4015	0.29	0.03015	0.6538	0.2626	0.01	0.748	1.088	0.748	0.05149	0.07	0.2173	0.03266	0.6386	0.2173	0.03266	0.6729	0.07508	0	0.8028	1.12	0.8028	0.05881	0	0.1983	0.03616	0.6073	0.1983	0.03616	0.4963	0.3065
52	Base	0.6349	0.1247	0.7878	0.2675	0.6464	0.09291	0.5225	0.3191	0.02	0	0.6526	0.7875	0.6526	0.06674	0.01	0.1187	0.0275	0.1764	0.1187	0.0275	0.5349	0.1176	0	0.9529	1.221	0.9529	0.1848	0	0.3168	0.02939	0.3973	0.3168	0.02939	0.6878	0.265	0.01	0.629	0.9896	0.629	0	0.01	0.1738	0.0321	0.6153	0.1738	0.0321	0.5464	0.08258	0	0.7348	1.022	0.7348	0.04543	0	0.1586	0.03526	0.5849	0.1586	0.03526	0.4225	0.3124
53	Base	0.6252	0.1295	0.6949	0.2684	0.5962	0.1	0.4263	0.3225	0.04	0	0.6479	0.7262	0.6479	0.09851	0	0.09498	0.02681	0.1723	0.09498	0.02681	0.5252	0.1227	0	0.8617	1.08	0.8617	0.06465	0	0.2534	0.02866	0.3901	0.2534	0.02866	0.5949	0.2668	0.02	0.5861	0.909	0.5861	0.04982	0.01	0.1391	0.03154	0.5915	0.1391	0.03154	0.4962	0.08996	0	0.6435	0.9413	0.6435	0.008338	0	0.1269	0.03438	0.562	0.1269	0.03438	0.3263	0.3172
54	Base	0.6098	0.134	0.6702	0.2688	0.5068	0.1069	0.3584	0.3251	0.01	0	0.6373	0.6748	0.6373	0.0909	0	0.07599	0.02614	0.1675	0.07599	0.02614	0.5098	0.1275	0	0.8382	0.9929	0.8382	0.1143	0	0.2171	0.02794	0.3814	0.2171	0.02794	0.5702	0.268	0.01	0.5039	0.8476	0.5039	0	0.02	0.1112	0.03126	0.5675	0.1112	0.03126	0.4068	0.09716	0	0.5794	0.8734	0.5794	0.01732	0	0.1015	0.03352	0.539	0.1015	0.03352	0.2584	0.321
55	Base	0.6849	0.1382	0.6059	0.2688	0.4332	0.1136	0.2947	0.3269	0	0	0.717	0.7843	0.717	0.1764	0	0.1372	0.02549	0.166	0.1372	0.02549	0.5849	0.1321	0	0.7745	0.8922	0.7745	0.06972	0	0.1736	0.02724	0.371	0.1736	0.02724	0.5059	0.2686	0.01	0.4373	0.7925	0.4373	0	0.01	0.08899	0.03072	0.5436	0.08899	0.03072	0.3332	0.1041	0	0.5186	0.816	0.5186	0.007982	0	0.08121	0.03268	0.5161	0.08121	0.03268	0.1947	0.3239
56	Base	0.6268	0.1421	0.5077	0.2683	0.3726	0.1199	0.2442	0.3279	0.02	0.01	0.6632	0.7166	0.6632	0.05952	0	0.1098	0.02485	0.1632	0.1098	0.02485	0.5268	0.1365	0	0.6764	0.8091	0.6764	0.02293	0	0.1389	0.02656	0.3594	0.1389	0.02656	0.4077	0.2687	0	0.3835	0.7465	0.3835	0	0.01	0.07119	0.03021	0.52	0.07119	0.03021	0.2726	0.1109	0	0.4702	0.7672	0.4702	0.008471	0	0.06497	0.03186	0.4935	0.06497	0.03186	0.1442	0.326
57	Base	0.5283	0.1457	0.4784	0.2674	0.3215	0.1259	0.2371	0.3283	0.03	0	0.5688	0.6653	0.5688	0.008355	0.01	0.08783	0.02448	0.1594	0.08783	0.02448	0.4283	0.1405	0	0.6467	0.7402	0.6467	0.07223	0	0.1111	0.0259	0.347	0.1111	0.0259	0.3784	0.2684	0	0.3388	0.7029	0.3388	0	0	0.05696	0.02945	0.4968	0.05696	0.02945	0.2215	0.1173	0	0.4644	0.7253	0.4644	0.04169	0	0.05197	0.03107	0.4714	0.05197	0.03107	0.1371	0.3274
58	Base	0.5323	0.149	0.452	0.2662	0.3304	0.1316	0.1896	0.3281	0.02	0	0.5765	0.6179	0.5765	0.09174	0	0.07026	0.02387	0.155	0.07026	0.02387	0.4323	0.1442	0	0.6197	0.6828	0.6197	0.06929	0	0.08891	0.02525	0.3341	0.08891	0.02525	0.352	0.2677	0	0.3539	0.6654	0.3539	0.04964	0	0.04556	0.02871	0.4742	0.04556	0.02871	0.2304	0.1235	0	0.4177	0.6889	0.4177	0	0	0.04158	0.03029	0.45	0.04158	0.03029	0.08965	0.328
59	Base	0.5701	0.1519	0.4098	0.2648	0.2869	0.137	0.1517	0.3274	0.01	0	0.6178	0.629	0.6178	0.1256	0	0.08176	0.02327	0.1513	0.08176	0.02327	0.4701	0.1476	0	0.5765	0.6346	0.5765	0.04822	0	0.07113	0.02462	0.321	0.07113	0.02462	0.3098	0.2666	0	0.3162	0.6328	0.3162	0	0	0.03645	0.028	0.4524	0.03645	0.028	0.1869	0.1293	0	0.3798	0.6572	0.3798	0	0	0.03326	0.02953	0.4291	0.03326	0.02953	0.05172	0.3281
60	Base	0.5594	0.1546	0.3501	0.263	0.2509	0.1421	0.1214	0.3262	0.03	0.01	0.6101	0.5846	0.6101	0.0846	0	0.06541	0.02269	0.147	0.06541	0.02269	0.4594	0.1507	0	0.5154	0.5939	0.5154	0.02227	0	0.0569	0.024	0.3078	0.0569	0.024	0.2501	0.2653	0	0.2857	0.6043	0.2857	0	0	0.02916	0.0273	0.4312	0.02916	0.0273	0.1509	0.1348	0	0.3489	0.6291	0.3489	0	0	0.02661	0.02879	0.409	0.02661	0.02879	0.02137	0.3276
61	Base	0.5062	0.1569	0.3493	0.2611	0.2208	0.1468	0.1413	0.3247	0.02	0	0.5597	0.5521	0.5597	0.03993	0.01	0.05233	0.02237	0.1423	0.05233	0.02237	0.4062	0.1535	0	0.513	0.5591	0.513	0.06919	0	0.04552	0.0234	0.2947	0.04552	0.0234	0.2493	0.2637	0	0.2608	0.5789	0.2608	0	0	0.02333	0.02661	0.4108	0.02333	0.02661	0.1208	0.14	0	0.3679	0.6041	0.3679	0.04415	0	0.02129	0.02807	0.3896	0.02129	0.02807	0.04125	0.3266
62	Base	0.5479	0.1589	0.3262	0.259	0.246	0.1512	0.113	0.3228	0.01	0	0.6038	0.5689	0.6038	0.1245	0	0.06632	0.02181	0.1385	0.06632	0.02181	0.4479	0.1559	0	0.488	0.5292	0.488	0.04676	0	0.03642	0.02282	0.2817	0.03642	0.02282	0.2262	0.2619	0	0.2908	0.5563	0.2908	0.04962	0	0.01866	0.02595	0.3912	0.01866	0.02595	0.146	0.1448	0	0.3383	0.5815	0.3383	0	0	0.01703	0.02737	0.371	0.01703	0.02737	0.013	0.3253
63	Base	0.5416	0.1606	0.2822	0.2568	0.2156	0.1552	0.0904	0.3206	0	0	0.5996	0.5315	0.5996	0.08489	0	0.05305	0.02127	0.1342	0.05305	0.02127	0.4416	0.158	0	0.442	0.5032	0.442	0.0212	0	0.02913	0.02225	0.2691	0.02913	0.02225	0.1822	0.2598	0	0.2649	0.5359	0.2649	0	0	0.01493	0.0253	0.3724	0.01493	0.0253	0.1156	0.1494	0	0.3235	0.561	0.3235	0	0	0.01362	0.02669	0.3531	0.01362	0.02669	0	0.3235
64	Base	0.4923	0.1619	0.2257	0.2543	0.19	0.1589	0.07232	0.3181	0.01	0	0.5521	0.4996	0.5521	0.04134	0	0.04244	0.02074	0.1296	0.04244	0.02074	0.3923	0.1598	0	0.3834	0.4804	0.3834	0	0	0.02331	0.02169	0.2568	0.02331	0.02169	0.1257	0.2576	0	0.2436	0.5172	0.2436	0	0	0.01194	0.02467	0.3544	0.01194	0.02467	0.09004	0.1535	0	0.3214	0.5422	0.3214	0	0	0.0109	0.02602	0.336	0.0109	0.02602	0	0.3214
65	Base	0.4103	0.1631	0.2046	0.2518	0.1685	0.1622	0.05786	0.3154	0.03	0	0.4716	0.4723	0.4716	0	0	0.03396	0.02022	0.1248	0.03396	0.02022	0.3103	0.1613	0	0.3599	0.4603	0.3599	0.02402	0	0.01865	0.02115	0.2449	0.01865	0.02115	0.1046	0.2553	0	0.2258	0.5001	0.2258	0	0	0.009555	0.02405	0.3371	0.009555	0.02405	0.06845	0.1574	0	0.3191	0.5248	0.3191	0	0	0.00872	0.02537	0.3196	0.00872	0.02537	0	0.3191
66	Base	0.3859	0.1639	0.2301	0.2492	0.1501	0.1652	0.04629	0.3125	0.02	0	0.4485	0.4486	0.4485	0.04161	0	0.02716	0.01971	0.12	0.02716	0.01971	0.2859	0.1626	0	0.3829	0.4422	0.3829	0.06637	0	0.01492	0.02062	0.2334	0.01492	0.02062	0.1301	0.2528	0	0.2109	0.4843	0.2109	0	0	0.007644	0.02345	0.3206	0.007644	0.02345	0.05009	0.1608	0	0.3165	0.5087	0.3165	0	0	0.006976	0.02474	0.304	0.006976	0.02474	0	0.3165
67	Base	0.4541	0.1646	0.23	0.2465	0.1344	0.1678	0.03703	0.3094	0.02	0	0.5176	0.484	0.5176	0.1281	0	0.04981	0.01922	0.1164	0.04981	0.01922	0.3541	0.1635	0	0.3802	0.426	0.3802	0.04591	0	0.01193	0.02011	0.2223	0.01193	0.02011	0.13	0.2503	0	0.1983	0.4695	0.1983	0	0	0.006116	0.02286	0.3049	0.006116	0.02286	0.03439	0.1639	0	0.3136	0.4935	0.3136	0	0	0.005581	0.02412	0.2891	0.005581	0.02412	0	0.3136
68	Base	0.4639	0.165	0.2293	0.2438	0.1209	0.1701	0.02962	0.3062	0.03	0	0.5282	0.4545	0.5282	0.08313	0	0.03985	0.01874	0.1126	0.03985	0.01874	0.3639	0.1643	0	0.377	0.4111	0.377	0.04539	0	0.009546	0.0196	0.2117	0.009546	0.0196	0.1293	0.2476	0	0.1876	0.4556	0.1876	0	0	0.004892	0.02229	0.2899	0.004892	0.02229	0.02087	0.1667	0	0.3106	0.4792	0.3106	0	0	0.004465	0.02351	0.2749	0.004465	0.02351	0	0.3106
69	Base	0.4697	0.1652	0.249	0.241	0.1091	0.1721	0.0237	0.3028	0.03	0	0.5344	0.4292	0.5344	0.08085	0	0.03188	0.01827	0.1086	0.03188	0.01827	0.3697	0.1648	0	0.3939	0.3975	0.3939	0.06555	0	0.007637	0.01911	0.2015	0.007637	0.01911	0.149	0.2449	0	0.1783	0.4425	0.1783	0	0	0.003914	0.02173	0.2756	0.003914	0.02173	0.009147	0.1691	0	0.3074	0.4657	0.3074	0	0	0.003572	0.02293	0.2613	0.003572	0.02293	0	0.3074
70	Base	0.5193	0.1652	0.2703	0.2381	0.09893	0.1737	0.01896	0.2993	0	0	0.5843	0.457	0.5843	0.1248	0	0.05035	0.01781	0.1057	0.05035	0.01781	0.4193	0.165	0	0.4124	0.3849	0.4124	0.07105	0	0.00611	0.01863	0.1917	0.00611	0.01863	0.1703	0.2421	0	0.1712	0.4301	0.1712	0	0	0.003131	0.02119	0.262	0.003131	0.02119	0	0.1712	0	0.3041	0.4528	0.3041	0	0	0.002857	0.02235	0.2484	0.002857	0.02235	0	0.3041
71	Base	0.5625	0.165	0.2162	0.2352	0.08993	0.175	0.01517	0.2958	0	0	0.6276	0.4828	0.6276	0.1274	0	0.0677	0.01737	0.1038	0.0677	0.01737	0.4625	0.1651	0	0.3555	0.3732	0.3555	0	0	0.004888	0.01817	0.1824	0.004888	0.01817	0.1162	0.2393	0	0.173	0.4182	0.173	0	0	0.002505	0.02066	0.249	0.002505	0.02066	0	0.173	0	0.3007	0.4405	0.3007	0	0	0.002286	0.02179	0.2361	0.002286	0.02179	0	0.3007
72	Base	0.4682	0.1647	0.173	0.2323	0.08178	0.1761	0.01213	0.2921	0.02	0	0.5332	0.447	0.5332	0	0	0.05416	0.01693	0.1013	0.05416	0.01693	0.3682	0.165	0	0.3093	0.3621	0.3093	0	0	0.00391	0.01771	0.1735	0.00391	0.01771	0.07297	0.2364	0	0.1745	0.4069	0.1745	0	0	0.002004	0.02014	0.2367	0.002004	0.02014	0	0.1745	0	0.2972	0.4287	0.2972	0	0	0.001829	0.02125	0.2244	0.001829	0.02125	0	0.2972
73	Base	0.3912	0.1642	0.1836	0.2293	0.07439	0.1769	0.009707	0.2884	0.01	0	0.456	0.4169	0.456	0	0	0.04333	0.01651	0.09839	0.04333	0.01651	0.2912	0.1648	0	0.3171	0.3517	0.3171	0.04522	0	0.003128	0.01727	0.1649	0.003128	0.01727	0.0836	0.2335	0	0.1756	0.396	0.1756	0	0	0.001603	0.01964	0.2249	0.001603	0.01964	0	0.1756	0	0.2936	0.4173	0.2936	0	0	0.001463	0.02072	0.2132	0.001463	0.02072	0	0.2936
74	Base	0.4129	0.1636	0.1698	0.2264	0.06768	0.1774	0.007765	0.2847	0.03	0	0.4773	0.3913	0.4773	0.08295	0	0.03466	0.0161	0.0952	0.03466	0.0161	0.3129	0.1644	0	0.3003	0.3418	0.3003	0.0229	0	0.002503	0.01684	0.1568	0.002503	0.01684	0.06978	0.2305	0	0.1765	0.3856	0.1765	0	0	0.001283	0.01915	0.2137	0.001283	0.01915	0	0.1765	0	0.2899	0.4064	0.2899	0	0	0.00117	0.0202	0.2026	0.00117	0.0202	0	0.2899
75	Base	0.3902	0.1629	0.2027	0.2234	0.06158	0.1777	0.006212	0.2809	0.02	0	0.454	0.3694	0.454	0.04319	0	0.02773	0.0157	0.09183	0.02773	0.0157	0.2902	0.1638	0	0.3302	0.3324	0.3302	0.06683	0	0.002002	0.01642	0.1491	0.002002	0.01642	0.1027	0.2276	0	0.1772	0.3755	0.1772	0	0	0.001026	0.01867	0.2031	0.001026	0.01867	0	0.1772	0	0.2862	0.3958	0.2862	0	0	0.0009363	0.0197	0.1925	0.0009363	0.0197	0	0.2862
76	Base	0.4549	0.1621	0.2064	0.2204	0.05603	0.1778	0.00497	0.2771	0.03	0	0.5181	0.4005	0.5181	0.125	0	0.04722	0.0153	0.0896	0.04722	0.0153	0.3549	0.1632	0	0.331	0.3234	0.331	0.04424	0	0.001602	0.01601	0.1417	0.001602	0.01601	0.1064	0.2246	0	0.1776	0.3657	0.1776	0	0	0.0008208	0.0182	0.193	0.0008208	0.0182	0	0.1776	0	0.2824	0.3856	0.2824	0	0	0.000749	0.0192	0.1829	0.000749	0.0192	0	0.2824
77	Base	0.4631	0.1612	0.2299	0.2175	0.05097	0.1777	0.003976	0.2734	0.01	0	0.5255	0.374	0.5255	0.08098	0	0.03778	0.01492	0.08701	0.03778	0.01492	0.3631	0.1624	0	0.3515	0.3147	0.3515	0.06484	0	0.001281	0.01561	0.1347	0.001281	0.01561	0.1299	0.2216	0	0.1777	0.3563	0.1777	0	0	0.0006566	0.01775	0.1834	0.0006566	0.01775	0	0.1777	0	0.2787	0.3757	0.2787	0	0	0.0005992	0.01872	0.1738	0.0005992	0.01872	0	0.2787
78	Base	0.516	0.1602	0.2049	0.2145	0.04637	0.1774	0.003181	0.2695	0.01	0	0.5776	0.4042	0.5776	0.1264	0	0.05661	0.01455	0.08549	0.05661	0.01455	0.416	0.1615	0	0.3236	0.3064	0.3236	0.02097	0	0.001025	0.01522	0.128	0.001025	0.01522	0.1049	0.2186	0	0.1777	0.3472	0.1777	0	0	0.0005253	0.01731	0.1742	0.0005253	0.01731	0	0.1777	0	0.2749	0.3661	0.2749	0	0	0.0004794	0.01826	0.1651	0.0004794	0.01826	0	0.2749
79	Base	0.4752	0.1591	0.1897	0.2115	0.04218	0.177	0.002545	0.2657	0	0	0.5358	0.3743	0.5358	0.04356	0	0.04528	0.01418	0.08348	0.04528	0.01418	0.3752	0.1606	0	0.3054	0.2984	0.3054	0.02579	0	0.00082	0.01484	0.1216	0.00082	0.01484	0.08972	0.2157	0	0.1775	0.3383	0.1775	0	0	0.0004203	0.01687	0.1655	0.0004203	0.01687	0	0.1775	0	0.2711	0.3567	0.2711	0	0	0.0003835	0.0178	0.1569	0.0003835	0.0178	0	0.2711
80	Base	0.4397	0.1579	0.1518	0.2086	0.03838	0.1764	0.002036	0.262	0.02	0	0.4992	0.3491	0.4992	0.04133	0	0.03623	0.01383	0.08112	0.03623	0.01383	0.3397	0.1595	0	0.2645	0.2906	0.2645	0	0	0.000656	0.01447	0.1156	0.000656	0.01447	0.05178	0.2127	0	0.1771	0.3297	0.1771	0	0	0.0003362	0.01645	0.1573	0.0003362	0.01645	0	0.1771	0	0.2673	0.3477	0.2673	0	0	0.0003068	0.01735	0.1491	0.0003068	0.01735	0	0.2673
81	Base	0.3686	0.1567	0.1699	0.2056	0.03493	0.1757	0.001629	0.2582	0.02	0	0.427	0.3276	0.427	0	0	0.02898	0.01348	0.07851	0.02898	0.01348	0.2686	0.1584	0	0.2796	0.2831	0.2796	0.04844	0	0.0005248	0.0141	0.1098	0.0005248	0.0141	0.06986	0.2098	0	0.1766	0.3213	0.1766	0	0	0.000269	0.01604	0.1494	0.000269	0.01604	0	0.1766	0	0.2635	0.3389	0.2635	0	0	0.0002454	0.01692	0.1416	0.0002454	0.01692	0	0.2635
82	Base	0.395	0.1554	0.1831	0.2027	0.0318	0.1748	0.001303	0.2544	0.03	0	0.4522	0.3093	0.4522	0.08291	0	0.02319	0.01315	0.07574	0.02319	0.01315	0.295	0.1572	0	0.2899	0.2759	0.2899	0.04718	0	0.0004199	0.01375	0.1044	0.0004199	0.01375	0.08307	0.2068	0	0.1759	0.3132	0.1759	0	0	0.0002152	0.01564	0.142	0.0002152	0.01564	0	0.1759	0	0.2597	0.3303	0.2597	0	0	0.0001964	0.0165	0.1346	0.0001964	0.0165	0	0.2597
83	Base	0.4194	0.1541	0.2147	0.1998	0.02898	0.1739	0.001042	0.2506	0.02	0	0.4753	0.2935	0.4753	0.08571	0	0.01855	0.01282	0.07288	0.01855	0.01282	0.3194	0.1559	0	0.3186	0.2688	0.3186	0.06826	0	0.0003359	0.01341	0.09917	0.0003359	0.01341	0.1147	0.2039	0	0.1751	0.3053	0.1751	0	0	0.0001721	0.01525	0.1349	0.0001721	0.01525	0	0.1751	0	0.2559	0.322	0.2559	0	0	0.0001571	0.01608	0.1278	0.0001571	0.01608	0	0.2559
84	Base	0.4787	0.1527	0.2138	0.1969	0.02645	0.1728	0.0008338	0.2469	0.02	0	0.5333	0.3283	0.5333	0.1243	0	0.03917	0.0125	0.0712	0.03917	0.0125	0.3787	0.1546	0	0.3148	0.262	0.3148	0.04204	0	0.0002687	0.01307	0.09422	0.0002687	0.01307	0.1138	0.201	0	0.1742	0.2976	0.1742	0	0	0.0001377	0.01487	0.1281	0.0001377	0.01487	0	0.1742	0	0.2522	0.3139	0.2522	0	0	0.0001257	0.01568	0.1215	0.0001257	0.01568	0	0.2522
85	Base	0.4843	0.1513	0.2122	0.194	0.02419	0.1717	0.000667	0.2432	0.02	0	0.5375	0.3064	0.5375	0.08197	0	0.03134	0.01219	0.0692	0.03134	0.01219	0.3843	0.1532	0	0.3102	0.2554	0.3102	0.04113	0	0.000215	0.01275	0.08952	0.000215	0.01275	0.1122	0.1981	0	0.1732	0.2901	0.1732	0	0	0.0001102	0.0145	0.1217	0.0001102	0.0145	0	0.1732	0	0.2484	0.306	0.2484	0	0	0.0001005	0.01529	0.1154	0.0001005	0.01529	0	0.2484
86	Base	0.4905	0.1498	0.2127	0.1912	0.02219	0.1705	0.0005336	0.2395	0	0	0.5423	0.2878	0.5423	0.08354	0	0.02507	0.01188	0.067	0.02507	0.01188	0.3905	0.1518	0	0.3079	0.2489	0.3079	0.04294	0	0.000172	0.01243	0.08506	0.000172	0.01243	0.1127	0.1952	0	0.1721	0.2828	0.1721	0	0	8.813e-05	0.01413	0.1157	8.813e-05	0.01413	0	0.1721	0	0.2447	0.2983	0.2447	0	0	8.043e-05	0.01491	0.1096	8.043e-05	0.01491	0	0.2447
87	Base	0.4969	0.1483	0.1701	0.1884	0.02043	0.1692	0.0004269	0.2359	0.02	0	0.5472	0.2718	0.5472	0.08461	0	0.02006	0.01158	0.06465	0.02006	0.01158	0.3969	0.1504	0	0.2625	0.2426	0.2625	0	0	0.0001376	0.01212	0.08081	0.0001376	0.01212	0.07015	0.1923	0	0.171	0.2757	0.171	0	0	7.051e-05	0.01378	0.1099	7.051e-05	0.01378	0	0.171	0	0.241	0.2908	0.241	0	0	6.434e-05	0.01454	0.1041	6.434e-05	0.01454	0	0.241
88	Base	0.4161	0.1468	0.1856	0.1856	0.0189	0.1678	0.0003415	0.2323	0.01	0	0.465	0.258	0.465	0	0	0.01604	0.01129	0.06222	0.01604	0.01129	0.3161	0.1489	0	0.2751	0.2365	0.2751	0.0495	0	0.0001101	0.01181	0.07677	0.0001101	0.01181	0.08562	0.1895	0	0.1697	0.2688	0.1697	0	0	5.641e-05	0.01343	0.1044	5.641e-05	0.01343	0	0.1697	0	0.2374	0.2835	0.2374	0	0	5.147e-05	0.01417	0.09894	5.147e-05	0.01417	0	0.2374
89	Base	0.4358	0.1452	0.1725	0.1828	0.01758	0.1664	0.0002732	0.2287	0.01	0	0.4832	0.2459	0.4832	0.08418	0	0.01284	0.01101	0.05975	0.01284	0.01101	0.3358	0.1474	0	0.2592	0.2306	0.2592	0.02402	0	8.805e-05	0.01152	0.07294	8.805e-05	0.01152	0.07251	0.1867	0	0.1684	0.2621	0.1684	0	0	4.512e-05	0.0131	0.09917	4.512e-05	0.0131	0	0.1684	0	0.2337	0.2764	0.2337	0	0	4.118e-05	0.01382	0.094	4.118e-05	0.01382	0	0.2337
90	Base	0.4087	0.1436	0.1609	0.1801	0.01645	0.165	0.0002186	0.2252	0.02	0	0.4545	0.2353	0.4545	0.04161	0	0.01027	0.01074	0.05728	0.01027	0.01074	0.3087	0.1458	0	0.2448	0.2248	0.2448	0.0229	0	7.044e-05	0.01123	0.0693	7.044e-05	0.01123	0.06091	0.1839	0	0.167	0.2555	0.167	0	0	3.61e-05	0.01277	0.09421	3.61e-05	0.01277	0	0.167	0	0.2301	0.2695	0.2301	0	0	3.294e-05	0.01347	0.0893	3.294e-05	0.01347	0	0.2301
91	Base	0.3882	0.1421	0.1758	0.1774	0.01549	0.1635	0.0001749	0.2217	0.01	0	0.4324	0.2258	0.4324	0.04319	0	0.008215	0.01047	0.05482	0.008215	0.01047	0.2882	0.1443	0	0.257	0.2191	0.257	0.04706	0	5.635e-05	0.01095	0.06583	5.635e-05	0.01095	0.07578	0.1812	0	0.1655	0.2491	0.1655	0	0	2.888e-05	0.01245	0.0895	2.888e-05	0.01245	0	0.1655	0	0.2266	0.2628	0.2266	0	0	2.635e-05	0.01314	0.08484	2.635e-05	0.01314	0	0.2266
92	Base	0.412	0.1405	0.1629	0.1748	0.01469	0.1619	0.0001399	0.2182	0.05	0	0.4547	0.2173	0.4547	0.08299	0	0.006572	0.01021	0.05241	0.006572	0.01021	0.312	0.1427	0	0.2414	0.2136	0.2414	0.02227	0	4.508e-05	0.01068	0.06255	4.508e-05	0.01068	0.0629	0.1785	0	0.1641	0.2429	0.1641	0	0	2.31e-05	0.01214	0.08503	2.31e-05	0.01214	0	0.1641	0	0.2231	0.2562	0.2231	0	0	2.108e-05	0.01281	0.0806	2.108e-05	0.01281	0	0.2231
93	Base	0.3877	0.1389	0.2368	0.1721	0.01401	0.1603	0.0001119	0.2148	0.02	0	0.4288	0.2095	0.4288	0.03993	0	0.005258	0.009951	0.05005	0.005258	0.009951	0.2877	0.1411	0	0.3127	0.2213	0.3127	0.1065	0	0.00656	0.01041	0.05975	0.00656	0.01041	0.1368	0.1758	0	0.1625	0.2368	0.1625	0	0	1.848e-05	0.01184	0.08078	1.848e-05	0.01184	0	0.1625	0	0.2196	0.2498	0.2196	0	0	1.687e-05	0.01249	0.07657	1.687e-05	0.01249	0	0.2196
94	Base	0.5391	0.1373	0.2347	0.1696	0.01346	0.1587	8.953e-05	0.2115	0	0	0.5786	0.4189	0.5786	0.2082	0	0.1124	0.009702	0.05317	0.1124	0.009702	0.4391	0.1395	0	0.3079	0.2135	0.3079	0.04526	0	0.005248	0.01015	0.05702	0.005248	0.01015	0.1347	0.1732	0	0.161	0.2309	0.161	0	0	1.479e-05	0.01154	0.07674	1.479e-05	0.01154	0	0.161	0	0.2162	0.2435	0.2162	0	0	1.349e-05	0.01217	0.07274	1.349e-05	0.01217	0	0.2162
95	Base	0.5389	0.1356	0.1878	0.167	0.01299	0.1571	7.162e-05	0.2081	0.01	0	0.5768	0.3691	0.5768	0.08608	0	0.08995	0.00946	0.05501	0.08995	0.00946	0.4389	0.1379	0	0.2584	0.2063	0.2584	0	0	0.004199	0.009895	0.05438	0.004199	0.009895	0.08778	0.1706	0	0.1594	0.2251	0.1594	0	0	1.183e-05	0.01125	0.0729	1.183e-05	0.01125	0	0.1594	0	0.2128	0.2374	0.2128	0	0	1.079e-05	0.01187	0.0691	1.079e-05	0.01187	0	0.2128
96	Base	0.4513	0.134	0.1722	0.1645	0.0126	0.1555	5.73e-05	0.2049	0.02	0	0.4876	0.3284	0.4876	0	0	0.07196	0.009223	0.05586	0.07196	0.009223	0.3513	0.1363	0	0.2402	0.1997	0.2402	0.02197	0	0.003359	0.009648	0.05183	0.003359	0.009648	0.0722	0.168	0	0.1578	0.2195	0.1578	0	0	9.463e-06	0.01097	0.06926	9.463e-06	0.01097	0	0.1578	0	0.2095	0.2315	0.2095	0	0	8.636e-06	0.01157	0.06565	8.636e-06	0.01157	0	0.2095
97	Base	0.4215	0.1324	0.1876	0.162	0.01228	0.1538	4.584e-05	0.2017	0.01	0	0.4562	0.295	0.4562	0.04105	0	0.05757	0.008993	0.05594	0.05757	0.008993	0.3215	0.1347	0	0.2531	0.1935	0.2531	0.04981	0	0.002687	0.009407	0.04937	0.002687	0.009407	0.08757	0.1655	0	0.1561	0.214	0.1561	0	0	7.571e-06	0.0107	0.0658	7.571e-06	0.0107	0	0.1561	0	0.2062	0.2257	0.2062	0	0	6.908e-06	0.01128	0.06237	6.908e-06	0.01128	0	0.2062
98	Base	0.4399	0.1308	0.173	0.1596	0.012	0.1521	3.667e-05	0.1985	0.03	0	0.473	0.2675	0.473	0.08294	0	0.04606	0.008768	0.05545	0.04606	0.008768	0.3399	0.1331	0	0.236	0.1877	0.236	0.0229	0	0.00215	0.009172	0.04701	0.00215	0.009172	0.07295	0.163	0	0.1545	0.2086	0.1545	0	0	6.057e-06	0.01043	0.06251	6.057e-06	0.01043	0	0.1545	0	0.2029	0.2201	0.2029	0	0	5.527e-06	0.011	0.05925	5.527e-06	0.011	0	0.2029
99	Base	0.4146	0.1292	0.2091	0.1572	0.01176	0.1504	2.934e-05	0.1954	0.01	0	0.446	0.2447	0.446	0.04319	0	0.03684	0.008549	0.05452	0.03684	0.008549	0.3146	0.1314	0	0.2697	0.1823	0.2697	0.07076	0	0.00172	0.008942	0.04475	0.00172	0.008942	0.1091	0.1606	0	0.1528	0.2034	0.1528	0	0	4.845e-06	0.01017	0.05938	4.845e-06	0.01017	0	0.1528	0	0.1998	0.2145	0.1998	0	0	4.421e-06	0.01073	0.05629	4.421e-06	0.01073	0	0.1998
100	Base	0.4781	0.1276	0.1896	0.1548	0.01156	0.1487	2.347e-05	0.1923	0.02	0	0.5079	0.2773	0.5079	0.1258	0	0.05531	0.008335	0.05456	0.05531	0.008335	0.3781	0.1298	0	0.2477	0.1771	0.2477	0.02227	0	0.001376	0.008719	0.04258	0.001376	0.008719	0.08957	0.1582	0	0.1511	0.1983	0.1511	0	0	3.876e-06	0.009915	0.05641	3.876e-06	0.009915	0	0.1511	0	0.1966	0.2092	0.1966	0	0	3.537e-06	0.01046	0.05347	3.537e-06	0.01046	0	0.1966
101	Base	0.4427	0.126	0.1928	0.1525	0.01138	0.147	1.878e-05	0.1893	0.02	0	0.4709	0.251	0.4709	0.03993	0	0.04425	0.008127	0.05404	0.04425	0.008127	0.3427	0.1282	0	0.2486	0.1722	0.2486	0.04113	0	0.001101	0.008501	0.0405	0.001101	0.008501	0.09279	0.1558	0	0.1494	0.1933	0.1494	0	0	3.101e-06	0.009667	0.05359	3.101e-06	0.009667	0	0.1494	0	0.1935	0.204	0.1935	0	0	2.83e-06	0.0102	0.0508	2.83e-06	0.0102	0	0.1935
102	Base	0.4582	0.1244	0.195	0.1502	0.01121	0.1453	1.502e-05	0.1863	0.01	0	0.4849	0.2293	0.4849	0.08354	0	0.0354	0.007924	0.05311	0.0354	0.007924	0.3582	0.1266	0	0.2484	0.1675	0.2484	0.04074	0	0.0008805	0.008288	0.03852	0.0008805	0.008288	0.09497	0.1534	0	0.1477	0.1885	0.1477	0	0	2.481e-06	0.009425	0.05091	2.481e-06	0.009425	0	0.1477	0	0.1905	0.1989	0.1905	0	0	2.264e-06	0.009942	0.04826	2.264e-06	0.009942	0	0.1905
103	Base	0.4732	0.1228	0.1772	0.148	0.01107	0.1436	1.202e-05	0.1833	0	0	0.4982	0.2111	0.4982	0.08561	0	0.02832	0.007725	0.05187	0.02832	0.007725	0.3732	0.125	0	0.2283	0.163	0.2283	0.0212	0	0.0007044	0.008081	0.03663	0.0007044	0.008081	0.07718	0.1511	0	0.146	0.1838	0.146	0	0	1.985e-06	0.00919	0.04837	1.985e-06	0.00919	0	0.146	0	0.1875	0.1939	0.1875	0	0	1.811e-06	0.009694	0.04585	1.811e-06	0.009694	0	0.1875
104	Base	0.4404	0.1213	0.1417	0.1457	0.01093	0.1419	9.613e-06	0.1805	0.02	0	0.4639	0.196	0.4639	0.04134	0	0.02266	0.007532	0.05041	0.02266	0.007532	0.3404	0.1235	0	0.1906	0.1587	0.1906	0	0	0.0005635	0.007879	0.03483	0.0005635	0.007879	0.04174	0.1489	0	0.1443	0.1792	0.1443	0	0	1.588e-06	0.00896	0.04595	1.588e-06	0.00896	0	0.1443	0	0.1845	0.189	0.1845	0	0	1.449e-06	0.009452	0.04355	1.449e-06	0.009452	0	0.1845
105	Base	0.3717	0.1197	0.1618	0.1435	0.0108	0.1402	7.69e-06	0.1776	0.04	0	0.3936	0.1831	0.3936	0	0	0.01813	0.007344	0.0488	0.01813	0.007344	0.2717	0.1219	0	0.2085	0.1545	0.2085	0.04844	0	0.0004508	0.007682	0.03311	0.0004508	0.007682	0.06183	0.1466	0	0.1426	0.1747	0.1426	0	0	1.27e-06	0.008736	0.04365	1.27e-06	0.008736	0	0.1426	0	0.1816	0.1843	0.1816	0	0	1.159e-06	0.009215	0.04138	1.159e-06	0.009215	0	0.1816
106	Base	0.4	0.1182	0.2244	0.1414	0.01068	0.1385	6.152e-06	0.1748	0.02	0	0.4203	0.1722	0.4203	0.08291	0	0.0145	0.00716	0.04708	0.0145	0.00716	0.3	0.1203	0	0.2688	0.1505	0.2688	0.09495	0	0.0003607	0.00749	0.03147	0.0003607	0.00749	0.1244	0.1444	0	0.1409	0.1704	0.1409	0	0	1.016e-06	0.008518	0.04147	1.016e-06	0.008518	0	0.1409	0	0.1788	0.1797	0.1788	0	0	9.272e-07	0.008985	0.03931	9.272e-07	0.008985	0	0.1788
107	Base	0.5098	0.1166	0.2266	0.1393	0.01057	0.1368	4.922e-06	0.1721	0.01	0	0.5286	0.299	0.5286	0.1681	0	0.0797	0.006981	0.04871	0.0797	0.006981	0.4098	0.1188	0	0.2688	0.1466	0.2688	0.04706	0	0.0002885	0.007303	0.02991	0.0002885	0.007303	0.1266	0.1423	0	0.1392	0.1661	0.1392	0	0	8.129e-07	0.008305	0.0394	8.129e-07	0.008305	0	0.1392	0	0.176	0.1752	0.176	0	0	7.418e-07	0.00876	0.03734	7.418e-07	0.00876	0	0.176
108	Base	0.5132	0.1151	0.2035	0.1372	0.01046	0.1351	3.938e-06	0.1694	0.01	0	0.5305	0.2637	0.5305	0.08299	0	0.06376	0.006807	0.04947	0.06376	0.006807	0.4132	0.1173	0	0.2437	0.1429	0.2437	0.02227	0	0.0002308	0.00712	0.02843	0.0002308	0.00712	0.1035	0.1401	0	0.1375	0.1619	0.1375	0	0	6.503e-07	0.008097	0.03743	6.503e-07	0.008097	0	0.1375	0	0.1732	0.1708	0.1732	0	0	5.934e-07	0.008541	0.03547	5.934e-07	0.008541	0	0.1732
109	Base	0.4723	0.1136	0.1845	0.1352	0.01036	0.1335	3.15e-06	0.1668	0.03	0	0.488	0.2347	0.488	0.03993	0	0.05101	0.006637	0.04954	0.05101	0.006637	0.3723	0.1157	0	0.2225	0.1392	0.2225	0.02166	0	0.0001847	0.006942	0.02702	0.0001847	0.006942	0.0845	0.138	0	0.1358	0.1579	0.1358	0	0	5.203e-07	0.007895	0.03555	5.203e-07	0.007895	0	0.1358	0	0.1705	0.1666	0.1705	0	0	4.747e-07	0.008328	0.0337	4.747e-07	0.008328	0	0.1705
110	Base	0.4415	0.1121	0.2117	0.1332	0.01025	0.1318	2.52e-06	0.1642	0.01	0	0.4557	0.211	0.4557	0.04241	0	0.04081	0.006471	0.04911	0.04081	0.006471	0.3415	0.1142	0	0.2477	0.1357	0.2477	0.06414	0	0.0001477	0.006769	0.02567	0.0001477	0.006769	0.1117	0.136	0	0.1342	0.1539	0.1342	0	0	4.162e-07	0.007697	0.03378	4.162e-07	0.007697	0	0.1342	0	0.1678	0.1624	0.1678	0	0	3.798e-07	0.00812	0.03202	3.798e-07	0.00812	0	0.1678
111	Base	0.5031	0.1107	0.1892	0.1312	0.01016	0.1302	2.016e-06	0.1616	0	0	0.5159	0.2465	0.5159	0.1275	0	0.06018	0.006309	0.04966	0.06018	0.006309	0.4031	0.1127	0	0.2231	0.1322	0.2231	0.01977	0	0.0001182	0.0066	0.0244	0.0001182	0.0066	0.08916	0.134	0	0.1325	0.1501	0.1325	0	0	3.33e-07	0.007505	0.03209	3.33e-07	0.007505	0	0.1325	0	0.1652	0.1583	0.1652	0	0	3.038e-07	0.007917	0.03042	3.038e-07	0.007917	0	0.1652
112	Base	0.4665	0.1092	0.1513	0.1293	0.01006	0.1285	1.613e-06	0.1591	0.02	0	0.4778	0.2193	0.4778	0.04205	0	0.04814	0.006151	0.04958	0.04814	0.006151	0.3665	0.1113	0	0.1833	0.1289	0.1833	0	0	9.454e-05	0.006435	0.02318	9.454e-05	0.006435	0.05133	0.132	0	0.1308	0.1463	0.1308	0	0	2.664e-07	0.007317	0.03048	2.664e-07	0.007317	0	0.1308	0	0.1626	0.1544	0.1626	0	0	2.431e-07	0.007719	0.02889	2.431e-07	0.007719	0	0.1626
113	Base	0.394	0.1078	0.1663	0.1274	0.009966	0.1269	1.29e-06	0.1567	0.01	0.01	0.4038	0.197	0.4038	0	0	0.03851	0.005997	0.04903	0.03851	0.005997	0.294	0.1098	0	0.1963	0.1256	0.1963	0.04522	0	7.564e-05	0.006274	0.02203	7.564e-05	0.006274	0.06629	0.1301	0	0.1292	0.1427	0.1292	0	0	2.131e-07	0.007134	0.02896	2.131e-07	0.007134	0	0.1292	0	0.1601	0.1505	0.1601	0	0	1.945e-07	0.007526	0.02745	1.945e-07	0.007526	0	0.1601
114	Base	0.4204	0.1064	0.1601	0.1255	0.009874	0.1253	0.04281	0.1542	0.03	0	0.4287	0.1836	0.4287	0.08295	0.01	0.03081	0.006098	0.04812	0.03081	0.006098	0.3204	0.1084	0	0.1883	0.1225	0.1883	0.02712	0	6.051e-05	0.006117	0.02093	6.051e-05	0.006117	0.06015	0.1281	0	0.1276	0.1391	0.1276	0	0	1.705e-07	0.006956	0.02751	1.705e-07	0.006956	0	0.1276	0	0.1576	0.1468	0.1576	0.04281	0	1.556e-07	0.007337	0.02608	1.556e-07	0.007337	0	0.1576
115	Base	0.4	0.105	0.201	0.1237	0.05859	0.1237	0.03425	0.1519	0.02	0	0.4069	0.1682	0.4069	0.04319	0	0.02465	0.005945	0.04695	0.02465	0.005945	0.3	0.1069	0	0.2272	0.1194	0.2272	0.07285	0	4.841e-05	0.005964	0.01988	4.841e-05	0.005964	0.101	0.1263	0	0.126	0.1356	0.126	0.04869	0	1.364e-07	0.006782	0.02614	1.364e-07	0.006782	0	0.126	0	0.1552	0.1431	0.1552	0	0	1.245e-07	0.007154	0.02477	1.245e-07	0.007154	0	0.1552
116	Base	0.466	0.1036	0.205	0.1219	0.04924	0.1221	0.0274	0.1496	0.02	0	0.4715	0.204	0.4715	0.1243	0	0.04404	0.005796	0.0468	0.04404	0.005796	0.366	0.1055	0	0.2294	0.1164	0.2294	0.04424	0	3.873e-05	0.005815	0.01889	3.873e-05	0.005815	0.105	0.1244	0	0.1244	0.1323	0.1244	0	0	1.091e-07	0.006613	0.02483	1.091e-07	0.006613	0	0.1244	0	0.1528	0.1395	0.1528	0	0	9.956e-08	0.006975	0.02353	9.956e-08	0.006975	0	0.1528
117	Base	0.476	0.1022	0.2101	0.1202	0.04165	0.1206	0.02192	0.1473	0.02	0	0.4802	0.1835	0.4802	0.08098	0	0.03524	0.005652	0.04622	0.03524	0.005652	0.376	0.1042	0	0.2327	0.1135	0.2327	0.04608	0	3.098e-05	0.005669	0.01795	3.098e-05	0.005669	0.1101	0.1226	0	0.1228	0.1289	0.1228	0	0	8.728e-08	0.006447	0.02359	8.728e-08	0.006447	0	0.1228	0	0.1505	0.136	0.1505	0	0	7.965e-08	0.006801	0.02236	7.965e-08	0.006801	0	0.1505
118	Base	0.4875	0.1009	0.2133	0.1184	0.03549	0.119	0.01754	0.145	0.01	0.01	0.4903	0.1666	0.4903	0.08372	0	0.02819	0.00551	0.04532	0.02819	0.00551	0.3875	0.1028	0	0.2342	0.1106	0.2342	0.04526	0	2.478e-05	0.005528	0.01705	2.478e-05	0.005528	0.1133	0.1209	0	0.1212	0.1257	0.1212	0	0	6.983e-08	0.006286	0.02241	6.983e-08	0.006286	0	0.1212	0	0.1482	0.1326	0.1482	0	0	6.372e-08	0.006631	0.02124	6.372e-08	0.006631	0	0.1482
119	Base	0.5005	0.09957	0.1948	0.1167	0.03049	0.1175	0.05406	0.1429	0.01	0	0.5019	0.1576	0.5019	0.08608	0.01	0.02255	0.005623	0.04418	0.02255	0.005623	0.4005	0.1014	0	0.2139	0.1078	0.2139	0.02412	0	1.983e-05	0.005389	0.0162	1.983e-05	0.005389	0.09478	0.1191	0	0.1197	0.1226	0.1197	0	0	5.586e-08	0.006129	0.02129	5.586e-08	0.006129	0	0.1197	0	0.1459	0.1293	0.1459	0.04003	0	5.098e-08	0.006465	0.02018	5.098e-08	0.006465	0	0.1459
120	Base	0.4638	0.09826	0.1756	0.1151	0.07804	0.116	0.04325	0.1407	0.02	0	0.4639	0.1457	0.4639	0.04112	0	0.01804	0.005482	0.04287	0.01804	0.005482	0.3638	0.1001	0	0.193	0.1051	0.193	0.01977	0	1.586e-05	0.005255	0.01539	1.586e-05	0.005255	0.0756	0.1174	0	0.1181	0.1195	0.1181	0.05149	0	4.469e-08	0.005976	0.02022	4.469e-08	0.005976	0	0.1181	0	0.1437	0.1261	0.1437	0	0	4.078e-08	0.006303	0.01917	4.078e-08	0.006303	0	0.1437
121	Base	0.4349	0.09698	0.1882	0.1134	0.06497	0.1145	0.0346	0.1386	0.01	0	0.4337	0.1358	0.4337	0.04205	0	0.01443	0.005345	0.04145	0.01443	0.005345	0.3349	0.09879	0	0.2039	0.1025	0.2039	0.04772	0	1.269e-05	0.005123	0.01462	1.269e-05	0.005123	0.0882	0.1157	0	0.1166	0.1165	0.1166	0	0	3.575e-08	0.005826	0.01921	3.575e-08	0.005826	0	0.1166	0	0.1416	0.1229	0.1416	0	0	3.262e-08	0.006146	0.01821	3.262e-08	0.006146	0	0.1416
122	Base	0.4548	0.09571	0.1735	0.1118	0.05438	0.1131	0.02768	0.1365	0.03	0	0.4523	0.1273	0.4523	0.08445	0	0.01155	0.005211	0.03996	0.01155	0.005211	0.3548	0.09749	0	0.1875	0.09993	0.1875	0.0229	0	1.015e-05	0.004995	0.01389	1.015e-05	0.004995	0.07346	0.1141	0	0.1151	0.1136	0.1151	0	0	2.86e-08	0.005681	0.01825	2.86e-08	0.005681	0	0.1151	0	0.1394	0.1198	0.1394	0	0	2.61e-08	0.005992	0.0173	2.61e-08	0.005992	0	0.1394
123	Base	0.4293	0.09446	0.207	0.1102	0.04579	0.1116	0.02214	0.1345	0.02	0	0.4255	0.1201	0.4255	0.04319	0	0.009237	0.005081	0.03842	0.009237	0.005081	0.3293	0.09622	0	0.2195	0.09742	0.2195	0.06826	0	8.121e-06	0.00487	0.0132	8.121e-06	0.00487	0.107	0.1125	0	0.1137	0.1108	0.1137	0	0	2.288e-08	0.005539	0.01734	2.288e-08	0.005539	0	0.1137	0	0.1374	0.1168	0.1374	0	0	2.088e-08	0.005842	0.01644	2.088e-08	0.005842	0	0.1374
124	Base	0.4913	0.09324	0.2137	0.1087	0.03883	0.1102	0.01771	0.1325	0.01	0	0.4862	0.1625	0.4862	0.1243	0	0.03172	0.004954	0.03809	0.03172	0.004954	0.3913	0.09496	0	0.2246	0.09499	0.2246	0.04806	0	6.497e-06	0.004749	0.01254	6.497e-06	0.004749	0.1137	0.1109	0	0.1122	0.108	0.1122	0	0	1.83e-08	0.0054	0.01647	1.83e-08	0.0054	0	0.1122	0	0.1353	0.1139	0.1353	0	0	1.67e-08	0.005696	0.01561	1.67e-08	0.005696	0	0.1353
125	Base	0.4982	0.09203	0.1926	0.1072	0.03317	0.1088	0.01417	0.1305	0.02	0.01	0.4919	0.1474	0.4919	0.08126	0	0.02538	0.00483	0.03745	0.02538	0.00483	0.3982	0.09373	0	0.2019	0.09261	0.2019	0.02166	0	5.198e-06	0.00463	0.01191	5.198e-06	0.00463	0.09261	0.1093	0	0.1108	0.1053	0.1108	0	0	1.464e-08	0.005265	0.01565	1.464e-08	0.005265	0	0.1108	0	0.1333	0.1111	0.1333	0	0	1.336e-08	0.005554	0.01483	1.336e-08	0.005554	0	0.1333
126	Base	0.465	0.09083	0.202	0.1057	0.02857	0.1074	0.05549	0.1286	0	0.01	0.4575	0.1398	0.4575	0.04241	0.01	0.0203	0.004959	0.03659	0.0203	0.004959	0.365	0.09251	0	0.2098	0.09029	0.2098	0.04788	0	4.158e-06	0.004514	0.01132	4.158e-06	0.004514	0.102	0.1078	0	0.1093	0.1027	0.1093	0	0	1.171e-08	0.005133	0.01487	1.171e-08	0.005133	0	0.1093	0	0.1313	0.1083	0.1313	0.04415	0	1.069e-08	0.005415	0.01409	1.069e-08	0.005415	0	0.1313
127	Base	0.4811	0.08966	0.1664	0.1042	0.07458	0.106	0.08608	0.1268	0.01	0	0.4725	0.1342	0.4725	0.08461	0.01	0.01624	0.005085	0.03558	0.01624	0.005085	0.3811	0.09131	0	0.1727	0.08803	0.1727	0.004868	0	3.326e-06	0.004401	0.01075	3.326e-06	0.004401	0.06645	0.1063	0	0.1079	0.1001	0.1079	0.04962	0	9.372e-09	0.005005	0.01412	9.372e-09	0.005005	0	0.1079	0	0.1294	0.1056	0.1294	0.04169	0	8.552e-09	0.00528	0.01339	8.552e-09	0.00528	0	0.1294
128	Base	0.4067	0.08851	0.1526	0.1028	0.1119	0.1046	0.06886	0.1249	0.03	0	0.3968	0.1252	0.3968	0	0	0.01299	0.004958	0.03445	0.01299	0.004958	0.3067	0.09013	0	0.1574	0.08583	0.1574	0.01947	0	2.661e-06	0.004291	0.01021	2.661e-06	0.004291	0.05262	0.1048	0	0.1185	0.0976	0.1185	0.04964	0	7.498e-09	0.00488	0.01342	7.498e-09	0.00488	0.01191	0.1065	0	0.1275	0.103	0.1275	0	0	6.842e-09	0.005148	0.01272	6.842e-09	0.005148	0	0.1275
129	Base	0.388	0.08737	0.1903	0.1014	0.09244	0.1033	0.05509	0.1231	0.02	0	0.377	0.1175	0.377	0.04112	0	0.01039	0.004834	0.03324	0.01039	0.004834	0.288	0.08897	0	0.1937	0.08368	0.1937	0.06821	0	2.129e-06	0.004184	0.009702	2.129e-06	0.004184	0.09031	0.1033	0	0.1052	0.09516	0.1052	0	0	5.998e-09	0.004758	0.01275	5.998e-09	0.004758	0	0.1052	0	0.1257	0.1004	0.1257	0	0	5.473e-09	0.005019	0.01208	5.473e-09	0.005019	0	0.1257
130	Base	0.4586	0.08628	0.1994	0.09997	0.07671	0.102	0.04407	0.1213	0.02	0.01	0.4464	0.1608	0.4464	0.125	0	0.03328	0.004713	0.03325	0.03328	0.004713	0.3586	0.08783	0	0.2014	0.08159	0.2014	0.04718	0	1.703e-06	0.004079	0.009217	1.703e-06	0.004079	0.09943	0.1019	0	0.1038	0.09278	0.1038	0	0	4.798e-09	0.004639	0.01211	4.798e-09	0.004639	0	0.1038	0	0.1238	0.09787	0.1238	0	0	4.379e-09	0.004894	0.01148	4.379e-09	0.004894	0	0.1238
131	Base	0.4777	0.08523	0.2108	0.09861	0.06399	0.1007	0.07807	0.1196	0.02	0	0.4644	0.1502	0.4644	0.08571	0.01	0.02662	0.004846	0.03291	0.02662	0.004846	0.3777	0.08672	0	0.2114	0.07955	0.2114	0.05128	0	1.363e-06	0.003977	0.008756	1.363e-06	0.003977	0.1108	0.1005	0	0.1025	0.09046	0.1025	0	0	3.839e-09	0.004523	0.0115	3.839e-09	0.004523	0	0.1025	0	0.122	0.09542	0.122	0.04281	0	3.503e-09	0.004771	0.0109	3.503e-09	0.004771	0	0.122
132	Base	0.4891	0.0842	0.2146	0.09728	0.1025	0.0994	0.06245	0.1179	0.03	0	0.4747	0.1371	0.4747	0.08299	0	0.0213	0.004724	0.03233	0.0213	0.004724	0.3891	0.08565	0	0.2138	0.07756	0.2138	0.04597	0	1.09e-06	0.003878	0.008319	1.09e-06	0.003878	0.1146	0.09916	0	0.1037	0.0882	0.1037	0.04869	0	3.071e-09	0.00441	0.01093	3.071e-09	0.00441	0.002528	0.1012	0	0.1203	0.09304	0.1203	0	0	2.802e-09	0.004652	0.01036	2.802e-09	0.004652	0	0.1203
133	Base	0.4982	0.0832	0.2404	0.09597	0.08499	0.09814	0.04996	0.1162	0.01	0	0.4828	0.1262	0.4828	0.08277	0	0.01704	0.004606	0.03157	0.01704	0.004606	0.3982	0.08461	0	0.2382	0.07562	0.2382	0.06866	0	8.72e-07	0.003781	0.007903	8.72e-07	0.003781	0.1404	0.09782	0	0.09992	0.086	0.09992	0	0	2.457e-09	0.0043	0.01038	2.457e-09	0.0043	0	0.09992	0	0.1186	0.09071	0.1186	0	0	2.242e-09	0.004536	0.00984	2.242e-09	0.004536	0	0.1186
134	Base	0.5491	0.08222	0.2133	0.09468	0.07081	0.09689	0.03997	0.1146	0	0.01	0.5328	0.1673	0.5328	0.1251	0	0.03872	0.004491	0.03193	0.03872	0.004491	0.4491	0.0836	0	0.2098	0.07373	0.2098	0.02097	0	6.976e-07	0.003687	0.007508	6.976e-07	0.003687	0.1133	0.0965	0	0.09865	0.08385	0.09865	0	0	1.965e-09	0.004192	0.009862	1.965e-09	0.004192	0	0.09865	0	0.1169	0.08844	0.1169	0	0	1.794e-09	0.004422	0.009348	1.794e-09	0.004422	0	0.1169
135	Base	0.509	0.08125	0.1752	0.09342	0.05932	0.09567	0.07439	0.113	0.01	0	0.4916	0.1545	0.4916	0.04356	0.01	0.03097	0.004629	0.03188	0.03097	0.004629	0.409	0.08261	0	0.1704	0.07189	0.1704	0.004553	0	5.581e-07	0.003594	0.007132	5.581e-07	0.003594	0.07516	0.0952	0	0.09739	0.08175	0.09739	0	0	1.572e-09	0.004087	0.009369	1.572e-09	0.004087	0	0.09739	0	0.1152	0.08623	0.1152	0.04241	0	1.435e-09	0.004312	0.008881	1.435e-09	0.004312	0	0.1152
136	Base	0.4306	0.0803	0.1621	0.09219	0.09836	0.09446	0.05951	0.1114	0.02	0.01	0.4122	0.1398	0.4122	0	0	0.02478	0.004513	0.03152	0.02478	0.004513	0.3306	0.08164	0	0.156	0.07009	0.156	0.02197	0	4.465e-07	0.003505	0.006776	4.465e-07	0.003505	0.0621	0.09393	0	0.09616	0.07971	0.09616	0.0482	0	1.258e-09	0.003985	0.008901	1.258e-09	0.003985	0	0.09616	0	0.1136	0.08408	0.1136	0	0	1.148e-09	0.004204	0.008437	1.148e-09	0.004204	0	0.1136
137	Base	0.41	0.0794	0.1775	0.09097	0.08172	0.09327	0.08782	0.1098	0.02	0.02	0.3907	0.1327	0.3907	0.04105	0.01	0.01982	0.00465	0.03094	0.01982	0.00465	0.31	0.08069	0.05	0.1702	0.06834	0.1702	0.04779	0	3.572e-07	0.003417	0.006437	3.572e-07	0.003417	0.07747	0.09269	0	0.09495	0.07771	0.09495	0	0	1.006e-09	0.003886	0.008456	1.006e-09	0.003886	0	0.09495	0	0.112	0.08198	0.112	0.04021	0	9.183e-10	0.004099	0.008015	9.183e-10	0.004099	0	0.112
138	Base	0.4358	0.07852	0.1942	0.08979	0.1185	0.0921	0.1556	0.1083	0.02	0.01	0.4156	0.1324	0.4156	0.08273	0.02	0.01586	0.005034	0.03018	0.01586	0.005034	0.3358	0.07977	0	0.1857	0.09163	0.1857	0.05224	0.05	2.857e-07	0.004581	0.006115	2.857e-07	0.004581	0.09422	0.09146	0	0.1122	0.07577	0.1122	0.05004	0	8.05e-10	0.003789	0.008033	8.05e-10	0.003789	0.01847	0.09375	0	0.1661	0.07993	0.1661	0.08538	0	7.346e-10	0.003996	0.007614	7.346e-10	0.003996	0.05564	0.1105
139	Base	0.4584	0.07767	0.2072	0.08862	0.2003	0.09095	0.1621	0.1068	0.01	0	0.4373	0.1285	0.4373	0.08524	0.01	0.01269	0.005158	0.02931	0.01269	0.005158	0.3584	0.07888	0	0.1975	0.08934	0.1975	0.05109	0	2.286e-07	0.004467	0.005809	2.286e-07	0.004467	0.1072	0.09026	0	0.1929	0.07743	0.1929	0.1018	0	0.001778	0.003694	0.00772	0.001778	0.003694	0.1003	0.09257	0	0.171	0.07793	0.171	0.0376	0	5.877e-10	0.003896	0.007234	5.877e-10	0.003896	0.06211	0.1089
140	Base	0.4735	0.07684	0.1882	0.08747	0.2157	0.08982	0.1297	0.1054	0.02	0.01	0.4515	0.1209	0.4515	0.08299	0	0.01015	0.005029	0.02835	0.01015	0.005029	0.3735	0.07801	0.1	0.1773	0.08711	0.1773	0.02227	0	1.829e-07	0.004355	0.005519	1.829e-07	0.004355	0.08824	0.08909	0	0.2071	0.07487	0.2071	0.0506	0	0.001423	0.003601	0.007405	0.001423	0.003601	0.1157	0.09142	0	0.1371	0.07598	0.1371	0	0	4.702e-10	0.003799	0.006872	4.702e-10	0.003799	0.02969	0.1074
141	Base	0.4434	0.07602	0.2004	0.08635	0.1776	0.0887	0.1419	0.1039	0.03	0	0.4205	0.1193	0.4205	0.03993	0.01	0.008119	0.005154	0.02734	0.008119	0.005154	0.3434	0.07717	0	0.1883	0.1349	0.1883	0.0499	0.1	1.463e-07	0.006746	0.005243	1.463e-07	0.006746	0.1004	0.08793	0	0.1679	0.0725	0.1679	0	0	0.001138	0.003511	0.007092	0.001138	0.003511	0.07762	0.09027	0	0.1479	0.07408	0.1479	0.03817	0	3.761e-10	0.003704	0.006528	3.761e-10	0.003704	0.04192	0.1059
142	Base	0.4629	0.07522	0.2321	0.08524	0.1984	0.0876	0.1135	0.1025	0.02	0.03	0.4393	0.1135	0.4393	0.08372	0	0.006496	0.005025	0.0263	0.006496	0.005025	0.3629	0.07635	0	0.2189	0.1316	0.2189	0.07105	0	1.17e-07	0.006578	0.004981	1.17e-07	0.006578	0.1321	0.0868	0	0.1875	0.07029	0.1875	0.05109	0	0.0009105	0.003424	0.006783	0.0009105	0.003424	0.0984	0.08915	0	0.118	0.07223	0.118	0	0	3.009e-10	0.003611	0.006202	3.009e-10	0.003611	0.01354	0.1045
143	Base	0.5269	0.07444	0.2444	0.08417	0.1642	0.08652	0.2194	0.1011	0	0	0.5024	0.1782	0.5024	0.1274	0.03	0.03261	0.005649	0.02661	0.03261	0.005649	0.4269	0.07554	0.05	0.2301	0.1283	0.2301	0.05909	0	9.363e-08	0.006413	0.004732	9.363e-08	0.006413	0.1444	0.08569	0	0.1523	0.06822	0.1523	0	0	0.0007284	0.003338	0.00648	0.0007284	0.003338	0.06422	0.08804	0	0.2225	0.1276	0.2225	0.1286	0	0.02861	0.003521	0.007322	0.02861	0.003521	0.1194	0.1031
144	Base	0.5305	0.07366	0.1953	0.08311	0.2872	0.08545	0.1756	0.0998	0.01	0	0.5052	0.1623	0.5052	0.08419	0	0.02609	0.005508	0.02659	0.02609	0.005508	0.4305	0.07475	0	0.1799	0.1501	0.1799	0	0.05	7.491e-08	0.007503	0.004495	7.491e-08	0.007503	0.09534	0.0846	0	0.2742	0.1655	0.2742	0.1496	0	0.05021	0.003255	0.008667	0.05021	0.003255	0.1872	0.08696	0	0.1773	0.1144	0.1773	0	0	0.02289	0.003433	0.008101	0.02289	0.003433	0.07556	0.1017
145	Base	0.4481	0.07295	0.1802	0.08207	0.2373	0.08441	0.1404	0.09848	0.03	0.03	0.4221	0.1491	0.4221	0	0	0.02087	0.00537	0.0263	0.02087	0.00537	0.3481	0.07398	0.05	0.1637	0.1463	0.1637	0.02402	0	5.992e-08	0.007315	0.00427	5.992e-08	0.007315	0.08019	0.08353	0	0.2232	0.1438	0.2232	0	0	0.04017	0.003173	0.01024	0.04017	0.003173	0.1373	0.08588	0	0.1408	0.1036	0.1408	0	0	0.01831	0.003347	0.008611	0.01831	0.003347	0.04044	0.1003
146	Base	0.4265	0.07229	0.2225	0.08106	0.1971	0.08338	0.241	0.09718	0.03	0	0.3998	0.1531	0.3998	0.04161	0.03	0.0167	0.005986	0.02582	0.0167	0.005986	0.3265	0.07325	0	0.205	0.1676	0.205	0.07837	0.05	4.794e-08	0.008382	0.004057	4.794e-08	0.008382	0.1225	0.08249	0	0.1819	0.1261	0.1819	0	0	0.03213	0.003094	0.01134	0.03213	0.003094	0.09708	0.08483	0	0.24	0.1519	0.24	0.1286	0	0.0433	0.003264	0.01035	0.0433	0.003264	0.141	0.09901
147	Base	0.4912	0.07165	0.2453	0.08006	0.3138	0.08236	0.1928	0.09591	0.01	0.02	0.4638	0.1942	0.4638	0.1254	0	0.03873	0.005836	0.02647	0.03873	0.005836	0.3912	0.07256	0	0.2268	0.1635	0.2268	0.06683	0	3.835e-08	0.008173	0.003854	3.835e-08	0.008173	0.1453	0.08147	0	0.2976	0.2076	0.2976	0.148	0	0.07366	0.003017	0.01445	0.07366	0.003017	0.2138	0.08379	0	0.1905	0.1329	0.1905	0	0	0.03464	0.003182	0.01156	0.03464	0.003182	0.0928	0.0977
148	Base	0.5448	0.07103	0.2272	0.07909	0.2604	0.08136	0.2325	0.09467	0.01	0.01	0.5167	0.2358	0.5167	0.125	0.02	0.05602	0.00619	0.02794	0.05602	0.00619	0.4448	0.07191	0.05	0.2077	0.1594	0.2077	0.03113	0	3.068e-08	0.007969	0.003661	3.068e-08	0.007969	0.1272	0.08046	0	0.2431	0.1767	0.2431	0	0	0.05893	0.002941	0.01668	0.05893	0.002941	0.1604	0.08277	0	0.2289	0.1175	0.2289	0.07828	0	0.02771	0.003102	0.01237	0.02771	0.003102	0.1325	0.09642
149	Base	0.501	0.07043	0.2077	0.07814	0.3172	0.08038	0.2258	0.09345	0.01	0.01	0.4722	0.2153	0.4722	0.03993	0.01	0.04482	0.006286	0.02879	0.04482	0.006286	0.401	0.07128	0.05	0.1872	0.1804	0.1872	0.02606	0.05	2.455e-08	0.009019	0.003478	2.455e-08	0.009019	0.1077	0.07948	0	0.2989	0.1516	0.2989	0.09899	0	0.04714	0.002868	0.0182	0.04714	0.002868	0.2172	0.08176	0	0.2209	0.1048	0.2209	0.03974	0	0.02217	0.003025	0.01286	0.02217	0.003025	0.1258	0.09517
150	Base	0.469	0.06985	0.1917	0.0772	0.3145	0.07941	0.2223	0.09226	0.01	0	0.4397	0.1993	0.4397	0.04241	0.01	0.03585	0.006378	0.02914	0.03585	0.006378	0.369	0.07068	0	0.1702	0.2009	0.1702	0.02558	0.05	1.964e-08	0.01004	0.003304	1.964e-08	0.01004	0.09172	0.07852	0	0.2953	0.1313	0.2953	0.04988	0	0.03771	0.002796	0.01917	0.03771	0.002796	0.2145	0.08077	0	0.2162	0.09446	0.2162	0.0417	0	0.01774	0.002949	0.0131	0.01774	0.002949	0.1223	0.09394
151	Base	0.443	0.06928	0.1798	0.07629	0.3143	0.07846	0.1778	0.09108	0	0.01	0.4131	0.1817	0.4131	0.04356	0	0.02868	0.006219	0.02912	0.02868	0.006219	0.343	0.07008	0	0.1573	0.1959	0.1573	0.02579	0	1.571e-08	0.009793	0.003139	1.571e-08	0.009793	0.07976	0.07758	0	0.2941	0.1149	0.2941	0.05135	0	0.03017	0.002726	0.01972	0.03017	0.002726	0.2143	0.0798	0	0.1706	0.08589	0.1706	0	0	0.01419	0.002876	0.01316	0.01419	0.002876	0.07784	0.09274
152	Base	0.4211	0.06872	0.1483	0.0754	0.2627	0.07753	0.1832	0.08994	0.03	0	0.3906	0.1722	0.3906	0.04133	0.01	0.02295	0.006314	0.02881	0.02295	0.006314	0.3211	0.06951	0.1	0.1249	0.191	0.1249	0.00462	0	1.257e-08	0.009548	0.002982	1.257e-08	0.009548	0.04829	0.07666	0	0.2415	0.1014	0.2415	0	0	0.02414	0.002658	0.01995	0.02414	0.002658	0.1627	0.07885	0	0.1748	0.07877	0.1748	0.04095	0	0.01135	0.002804	0.01307	0.01135	0.002804	0.08322	0.09156
153	Base	0.3599	0.06817	0.1882	0.0747	0.2714	0.07661	0.1466	0.08881	0.03	0.01	0.3289	0.1598	0.3289	0	0	0.01836	0.006156	0.02829	0.01836	0.006156	0.2599	0.06894	0.05	0.1639	0.2362	0.1639	0.06964	0.1	1.005e-08	0.01181	0.002833	1.005e-08	0.01181	0.08815	0.07576	0	0.2493	0.09045	0.2493	0.0499	0	0.01931	0.002591	0.01991	0.01931	0.002591	0.1714	0.0779	0	0.137	0.07283	0.137	0	0	0.00908	0.002734	0.01287	0.00908	0.002734	0.04658	0.0904
154	Base	0.4385	0.06765	0.2271	0.07413	0.2282	0.07571	0.1573	0.0877	0.03	0.03	0.4069	0.2029	0.4069	0.1243	0.01	0.03894	0.006252	0.02882	0.03894	0.006252	0.3385	0.06839	0	0.2022	0.2553	0.2022	0.07554	0.05	8.043e-09	0.01276	0.002691	8.043e-09	0.01276	0.1271	0.07501	0	0.2052	0.08143	0.2052	0	0	0.01545	0.002527	0.01969	0.01545	0.002527	0.1282	0.07698	0	0.1466	0.06783	0.1466	0.04003	0	0.007264	0.002665	0.01259	0.007264	0.002665	0.0573	0.08926
155	Base	0.5077	0.06717	0.2619	0.07363	0.2454	0.07482	0.2531	0.08661	0.02	0	0.4756	0.2563	0.4756	0.1286	0.03	0.05971	0.006846	0.03036	0.05971	0.006846	0.4077	0.06786	0	0.2362	0.2489	0.2362	0.08042	0	6.434e-09	0.01244	0.002557	6.434e-09	0.01244	0.1619	0.07438	0	0.2215	0.07398	0.2215	0.05149	0	0.01236	0.002463	0.01932	0.01236	0.002463	0.1454	0.07607	0	0.2413	0.1182	0.2413	0.1273	0	0.03312	0.002599	0.01361	0.03312	0.002599	0.1531	0.08815
156	Base	0.5563	0.06672	0.2535	0.07319	0.3558	0.07395	0.2025	0.08554	0.02	0.01	0.5237	0.2773	0.5237	0.1241	0	0.07189	0.006674	0.03244	0.07189	0.006674	0.4563	0.06737	0	0.2273	0.2427	0.2273	0.04424	0	5.147e-09	0.01213	0.002429	5.147e-09	0.01213	0.1535	0.07384	0	0.331	0.1606	0.331	0.1464	0	0.0563	0.002402	0.02117	0.0563	0.002402	0.2558	0.07518	0	0.1896	0.1037	0.1896	0	0	0.0265	0.002534	0.01426	0.0265	0.002534	0.1025	0.08705
157	Base	0.5536	0.0663	0.2484	0.07279	0.2978	0.07309	0.2022	0.0845	0.01	0.02	0.5205	0.2502	0.5205	0.08098	0.01	0.05751	0.006758	0.03369	0.05751	0.006758	0.4536	0.0669	0.05	0.2218	0.2366	0.2218	0.04574	0	4.118e-09	0.01183	0.002308	4.118e-09	0.01183	0.1484	0.07338	0	0.2721	0.1369	0.2721	0	0	0.04504	0.002342	0.02237	0.04504	0.002342	0.1978	0.0743	0	0.1882	0.0918	0.1882	0.04021	0	0.0212	0.00247	0.0146	0.0212	0.00247	0.1022	0.08597
158	Base	0.5564	0.0659	0.2288	0.07271	0.3014	0.07224	0.2451	0.08348	0	0.01	0.5229	0.2338	0.5229	0.08446	0.02	0.04601	0.007089	0.03431	0.04601	0.007089	0.4564	0.06647	0.1	0.2017	0.2557	0.2017	0.03011	0.05	3.294e-09	0.01278	0.002192	3.294e-09	0.01278	0.1288	0.07296	0	0.2749	0.1177	0.2749	0.05004	0	0.03603	0.002283	0.02305	0.03603	0.002283	0.2014	0.07343	0	0.23	0.08209	0.23	0.0833	0	0.01696	0.002409	0.01472	0.01696	0.002409	0.1451	0.08492
159	Base	0.5157	0.06554	0.1877	0.07284	0.3581	0.07141	0.2391	0.08247	0.01	0.02	0.4818	0.2168	0.4818	0.04356	0.01	0.03681	0.007161	0.03443	0.03681	0.007161	0.4157	0.06606	0	0.1605	0.2993	0.1605	0.004671	0.1	2.636e-09	0.01497	0.002083	2.636e-09	0.01497	0.08768	0.07278	0	0.3307	0.1076	0.3307	0.1027	0	0.03152	0.002226	0.02347	0.03152	0.002226	0.2581	0.07258	0	0.223	0.0741	0.223	0.04306	0	0.01357	0.002348	0.01466	0.01357	0.002348	0.1391	0.08389
160	Base	0.4376	0.06521	0.1861	0.07308	0.3501	0.0706	0.2728	0.08148	0.01	0.01	0.4033	0.2085	0.4033	0	0.02	0.02944	0.007482	0.03418	0.02944	0.007482	0.3376	0.06569	0	0.159	0.2918	0.159	0.03449	0	2.108e-09	0.01459	0.001978	2.108e-09	0.01459	0.08614	0.07282	0	0.3218	0.09385	0.3218	0.04898	0	0.02522	0.002171	0.02356	0.02522	0.002171	0.2501	0.07175	0	0.2557	0.0675	0.2557	0.0815	0	0.01085	0.00229	0.01447	0.01085	0.00229	0.1728	0.08287
161	Base	0.4167	0.06494	0.1797	0.07354	0.3975	0.0698	0.261	0.08051	0.01	0.03	0.3821	0.198	0.3821	0.04133	0.01	0.02356	0.007545	0.03365	0.02356	0.007545	0.3167	0.06535	0.15	0.1527	0.2845	0.1527	0.02824	0	1.687e-09	0.01423	0.00188	1.687e-09	0.01423	0.07966	0.073	0	0.3684	0.08628	0.3684	0.1018	0	0.02198	0.002116	0.02348	0.02198	0.002116	0.2975	0.07093	0	0.2429	0.06201	0.2429	0.04281	0	0.008683	0.002232	0.01418	0.008683	0.002232	0.161	0.08188
162	Base	0.4025	0.0647	0.1802	0.07413	0.3823	0.06901	0.3313	0.07956	0.03	0.01	0.3676	0.1998	0.3676	0.04161	0.03	0.01884	0.008107	0.03291	0.01884	0.008107	0.3025	0.06505	0.05	0.1536	0.3524	0.1536	0.0357	0.15	1.349e-09	0.01762	0.001786	1.349e-09	0.01762	0.08019	0.07339	0	0.3525	0.07643	0.3525	0.04869	0	0.01758	0.002063	0.02319	0.01758	0.002063	0.2823	0.07012	0.05	0.3122	0.1023	0.3122	0.1225	0	0.02941	0.002177	0.01495	0.02941	0.002177	0.2313	0.0809
163	Base	0.3896	0.06457	0.2187	0.07479	0.4745	0.06823	0.3092	0.07863	0.02	0.04	0.3544	0.1932	0.3544	0.04319	0.01	0.01508	0.008154	0.03202	0.01508	0.008154	0.2896	0.0648	0	0.1926	0.3686	0.1926	0.0732	0.05	1.08e-09	0.01843	0.001696	1.08e-09	0.01843	0.1187	0.07392	0	0.4438	0.1706	0.4438	0.1511	0	0.06517	0.002012	0.02529	0.06517	0.002012	0.3745	0.06933	0.05	0.2891	0.1145	0.2891	0.04415	0.05	0.02352	0.003372	0.01537	0.02352	0.003372	0.2092	0.07994
164	Base	0.4642	0.06449	0.2352	0.07562	0.4465	0.06747	0.4183	0.07771	0.03	0	0.4288	0.2518	0.4288	0.1243	0.04	0.03639	0.00895	0.03224	0.03639	0.00895	0.3642	0.06463	0.1	0.2097	0.3594	0.2097	0.06078	0	8.636e-10	0.01797	0.001611	8.636e-10	0.01797	0.1352	0.07454	0	0.4151	0.1435	0.4151	0.04962	0	0.05213	0.001961	0.02663	0.05213	0.001961	0.3465	0.06854	0	0.3973	0.269	0.3973	0.1703	0.05	0.08912	0.004538	0.01906	0.08912	0.004538	0.3183	0.079
165	Base	0.476	0.06445	0.257	0.07655	0.5765	0.06672	0.3353	0.07681	0.03	0	0.4405	0.2328	0.4405	0.08105	0	0.02911	0.008726	0.03208	0.02911	0.008726	0.376	0.06453	0	0.2324	0.4004	0.2324	0.06979	0.1	6.909e-10	0.02002	0.001531	6.909e-10	0.02002	0.157	0.07531	0	0.5443	0.3202	0.5443	0.1993	0	0.141	0.001912	0.03235	0.141	0.001912	0.4765	0.06778	0.05	0.3134	0.2311	0.3134	0	0	0.0713	0.004424	0.02167	0.0713	0.004424	0.2353	0.07808
166	Base	0.533	0.06444	0.2738	0.07754	0.4796	0.06598	0.2679	0.07593	0.01	0.01	0.4975	0.2699	0.4975	0.1266	0	0.04986	0.008508	0.03297	0.04986	0.008508	0.433	0.06448	0	0.25	0.3904	0.25	0.06723	0	5.527e-10	0.01952	0.001454	5.527e-10	0.01952	0.1738	0.0762	0	0.4466	0.2629	0.4466	0	0	0.1128	0.001865	0.03637	0.1128	0.001865	0.3796	0.06702	0.15	0.2451	0.2253	0.2451	0	0.05	0.05704	0.005564	0.02344	0.05704	0.005564	0.1679	0.07717
167	Base	0.582	0.06443	0.2433	0.07853	0.4009	0.06526	0.2588	0.07506	0	0	0.5465	0.305	0.5465	0.1271	0.01	0.06702	0.008546	0.03467	0.06702	0.008546	0.482	0.06445	0.05	0.2204	0.3806	0.2204	0.02455	0	4.422e-10	0.01903	0.001382	4.422e-10	0.01903	0.1433	0.07715	0	0.3672	0.2168	0.3672	0	0	0.09022	0.001818	0.03906	0.09022	0.001818	0.3009	0.06628	0.05	0.2351	0.2748	0.2351	0.04443	0.15	0.04563	0.009175	0.02455	0.04563	0.009175	0.1588	0.07628
168	Base	0.5348	0.06443	0.1942	0.07953	0.3887	0.06454	0.2083	0.0742	0.02	0	0.4992	0.2739	0.4992	0.04205	0	0.05362	0.008332	0.03562	0.05362	0.008332	0.4348	0.06443	0.05	0.1723	0.3961	0.1723	0	0.05	3.537e-10	0.01981	0.001313	3.537e-10	0.01981	0.09419	0.07814	0	0.3542	0.1798	0.3542	0.05056	0	0.07218	0.001773	0.04072	0.07218	0.001773	0.2887	0.06555	0.05	0.1837	0.2769	0.1837	0	0.05	0.0365	0.0102	0.02515	0.0365	0.0102	0.1083	0.07541
169	Base	0.4535	0.06443	0.2055	0.08078	0.3273	0.06384	0.1664	0.07337	0.01	0.01	0.4179	0.2483	0.4179	0	0	0.04289	0.008124	0.03599	0.04289	0.008124	0.3535	0.06443	0.1	0.1846	0.4112	0.1846	0.04981	0.05	2.83e-10	0.02056	0.001247	2.83e-10	0.02056	0.1055	0.07913	0	0.2921	0.1501	0.2921	0	0	0.05774	0.001728	0.04157	0.05774	0.001728	0.2273	0.06483	0.15	0.141	0.2822	0.141	0	0.05	0.0292	0.01119	0.02535	0.0292	0.01119	0.06641	0.07455
170	Base	0.4734	0.06442	0.1917	0.08216	0.2775	0.06315	0.1734	0.07255	0.02	0	0.4378	0.232	0.4378	0.08294	0.01	0.03432	0.00817	0.0359	0.03432	0.00817	0.3734	0.06443	0	0.172	0.4509	0.172	0.02755	0.1	2.264e-10	0.02255	0.001185	2.264e-10	0.02255	0.09167	0.08031	0	0.2416	0.1261	0.2416	0	0	0.04619	0.001685	0.0418	0.04619	0.001685	0.1775	0.06412	0	0.1471	0.3399	0.1471	0.04003	0.15	0.02336	0.01466	0.02525	0.02336	0.01466	0.07342	0.0737
171	Base	0.4477	0.06442	0.2017	0.08361	0.2896	0.06248	0.1405	0.07175	0.01	0.01	0.4121	0.2142	0.4121	0.04319	0	0.02745	0.007966	0.03548	0.02745	0.007966	0.3477	0.06442	0	0.1834	0.4397	0.1834	0.04706	0	1.811e-10	0.02198	0.001125	1.811e-10	0.02198	0.1017	0.08163	0	0.253	0.1068	0.253	0.05149	0	0.03696	0.001643	0.04156	0.03696	0.001643	0.1896	0.06343	0.05	0.1133	0.3233	0.1133	0	0	0.01869	0.01429	0.02492	0.01869	0.01429	0.04047	0.07288
172	Base	0.469	0.06445	0.1886	0.08509	0.2469	0.06181	0.1544	0.07096	0.03	0.04	0.4334	0.2043	0.4334	0.08299	0.01	0.02196	0.008017	0.0348	0.02196	0.008017	0.369	0.06442	0	0.1716	0.4287	0.1716	0.02655	0	1.449e-10	0.02143	0.001069	1.449e-10	0.02143	0.08858	0.08304	0	0.2097	0.09117	0.2097	0	0	0.02956	0.001602	0.04096	0.02956	0.001602	0.1469	0.06275	0.05	0.1264	0.3336	0.1264	0.042	0.05	0.01495	0.01519	0.02443	0.01495	0.01519	0.05437	0.07207
173	Base	0.4447	0.06454	0.2314	0.08682	0.2639	0.06115	0.2846	0.07019	0.01	0.03	0.4092	0.2115	0.4092	0.03993	0.04	0.01757	0.008817	0.03394	0.01757	0.008817	0.3447	0.06444	0.15	0.2159	0.418	0.2159	0.08089	0	1.159e-10	0.0209	0.001016	1.159e-10	0.0209	0.1314	0.0845	0	0.226	0.07854	0.226	0.05072	0	0.02365	0.001562	0.04009	0.02365	0.001562	0.1639	0.06208	0.1	0.2559	0.4671	0.2559	0.161	0.05	0.07299	0.01606	0.02685	0.07299	0.01606	0.1846	0.07128
174	Base	0.5093	0.06467	0.2193	0.08868	0.4311	0.06051	0.3522	0.06945	0	0.01	0.4738	0.2648	0.4738	0.1249	0.03	0.03893	0.009346	0.03419	0.03893	0.009346	0.4093	0.06451	0.05	0.2054	0.4825	0.2054	0.03453	0.15	9.273e-11	0.02413	0.0009648	9.273e-11	0.02413	0.1193	0.08615	0	0.3925	0.2707	0.3925	0.2012	0	0.1201	0.001523	0.04409	0.1201	0.001523	0.3311	0.06142	0	0.3227	0.5283	0.3227	0.1242	0.1	0.08259	0.01816	0.02964	0.08259	0.01816	0.2522	0.0705
175	Base	0.4757	0.06484	0.1815	0.09062	0.5128	0.05988	0.3246	0.06872	0.02	0.02	0.4403	0.2495	0.4403	0.04356	0.01	0.03115	0.009363	0.03404	0.03115	0.009363	0.3757	0.06463	0	0.1694	0.4954	0.1694	0.004222	0.05	7.418e-11	0.02477	0.0009166	7.418e-11	0.02477	0.08146	0.08796	0.01	0.4736	0.3177	0.4736	0.1479	0	0.144	0.001485	0.04909	0.144	0.001485	0.4128	0.06077	0	0.2943	0.4862	0.2943	0.04281	0	0.06608	0.0177	0.03146	0.06608	0.0177	0.2246	0.06975
176	Base	0.4059	0.06502	0.2014	0.09257	0.4785	0.05925	0.3469	0.06801	0.03	0.01	0.3707	0.2424	0.3707	0	0.02	0.02492	0.009628	0.03358	0.02492	0.009628	0.3059	0.06478	0	0.1913	0.4831	0.1913	0.05438	0	5.935e-11	0.02415	0.0008708	5.935e-11	0.02415	0.1014	0.08986	0	0.4387	0.2643	0.4387	0.04869	0.01	0.1152	0.001698	0.05239	0.1152	0.001698	0.3785	0.06013	0	0.3159	0.4509	0.3159	0.0877	0	0.05286	0.01726	0.03253	0.05286	0.01726	0.2469	0.06901
177	Base	0.4339	0.06522	0.2549	0.09451	0.5028	0.05864	0.3196	0.06732	0.03	0	0.3989	0.2326	0.3989	0.0839	0.01	0.01993	0.009638	0.0329	0.01993	0.009638	0.3339	0.06495	0	0.2467	0.471	0.2467	0.09353	0	4.748e-11	0.02355	0.0008272	4.748e-11	0.02355	0.1549	0.0918	0.01	0.4623	0.2174	0.4623	0.09991	0	0.09215	0.001655	0.05438	0.09215	0.001655	0.4028	0.0595	0.05	0.2879	0.4211	0.2879	0.04238	0	0.04229	0.01683	0.03302	0.04229	0.01683	0.2196	0.0683
178	Base	0.5065	0.06544	0.2763	0.09642	0.4727	0.05804	0.2641	0.06683	0.02	0.02	0.4716	0.2863	0.4716	0.1332	0	0.04919	0.009397	0.03372	0.04919	0.009397	0.4065	0.06514	0	0.27	0.4592	0.27	0.07298	0	3.798e-11	0.02296	0.0007859	3.798e-11	0.02296	0.1763	0.09373	0	0.4315	0.1847	0.4315	0.05017	0.01	0.07372	0.001864	0.05535	0.07372	0.001864	0.3727	0.05889	0.05	0.2317	0.4208	0.2317	0.008471	0.05	0.03383	0.01766	0.03306	0.03383	0.01766	0.1641	0.0676
179	Base	0.5621	0.06567	0.3005	0.09828	0.3962	0.05744	0.301	0.06646	0.01	0	0.5275	0.326	0.5275	0.127	0.02	0.0664	0.009662	0.03535	0.0664	0.009662	0.4621	0.06536	0	0.2962	0.4477	0.2962	0.08012	0	3.039e-11	0.02239	0.0007466	3.039e-11	0.02239	0.2005	0.09565	0	0.3544	0.1543	0.3544	0	0	0.05898	0.001817	0.05553	0.05898	0.001817	0.2962	0.05828	0.05	0.2681	0.4234	0.2681	0.0898	0.05	0.02706	0.01847	0.03276	0.02706	0.01847	0.201	0.06705
180	Base	0.5683	0.0659	0.2624	0.1001	0.4346	0.05686	0.241	0.06654	0.01	0.02	0.5338	0.2946	0.5338	0.09108	0	0.05312	0.00942	0.03624	0.05312	0.00942	0.4683	0.06558	0	0.2599	0.4365	0.2599	0.02227	0	2.431e-11	0.02183	0.0007092	2.431e-11	0.02183	0.1624	0.09753	0.01	0.3923	0.1298	0.3923	0.09823	0	0.04718	0.001772	0.05511	0.04718	0.001772	0.3346	0.05768	0.1	0.2076	0.4284	0.2076	0	0.05	0.02165	0.01925	0.03221	0.02165	0.01925	0.141	0.06663
181	Base	0.5224	0.06614	0.2412	0.1019	0.3665	0.05628	0.288	0.0669	0.02	0.02	0.4883	0.2787	0.4883	0.03993	0.02	0.04249	0.009685	0.03655	0.04249	0.009685	0.4224	0.06581	0.05	0.2405	0.4256	0.2405	0.03145	0	1.945e-11	0.02128	0.0006738	1.945e-11	0.02128	0.1412	0.09936	0.01	0.3236	0.115	0.3236	0	0.01	0.03775	0.001977	0.05424	0.03775	0.001977	0.2665	0.05709	0.05	0.2546	0.4601	0.2546	0.0953	0.1	0.01732	0.02127	0.03146	0.01732	0.02127	0.188	0.06656
182	Base	0.4882	0.06638	0.264	0.1036	0.4133	0.05572	0.3154	0.06761	0.01	0	0.4542	0.2668	0.4542	0.04241	0.02	0.034	0.009943	0.03642	0.034	0.009943	0.3882	0.06605	0	0.2652	0.44	0.2652	0.07117	0.05	1.556e-11	0.022	0.0006401	1.556e-11	0.022	0.164	0.1011	0	0.3698	0.104	0.3698	0.09993	0.01	0.0302	0.002178	0.05304	0.0302	0.002178	0.3133	0.05651	0.05	0.2822	0.4675	0.2822	0.08429	0.05	0.01386	0.02199	0.03058	0.01386	0.02199	0.2154	0.06681
183	Base	0.5103	0.06662	0.2538	0.1052	0.4522	0.05517	0.2538	0.06885	0	0.01	0.4766	0.2483	0.4766	0.09312	0	0.0272	0.009694	0.03596	0.0272	0.009694	0.4103	0.06628	0	0.2566	0.429	0.2566	0.04256	0	1.245e-11	0.02145	0.0006081	1.245e-11	0.02145	0.1538	0.1029	0.01	0.4082	0.09417	0.4082	0.1017	0	0.02585	0.002124	0.05168	0.02585	0.002124	0.3522	0.05595	0.2	0.2212	0.476	0.2212	0	0.05	0.01109	0.02269	0.02961	0.01109	0.02269	0.1538	0.06738
184	Base	0.4854	0.06689	0.2078	0.1068	0.3808	0.05462	0.2505	0.07039	0.01	0.04	0.4519	0.2376	0.4519	0.0496	0.01	0.02176	0.009702	0.03525	0.02176	0.009702	0.3854	0.06653	0	0.2123	0.4183	0.2123	0.00479	0	9.957e-12	0.02091	0.0005777	9.957e-12	0.02091	0.1078	0.1045	0	0.3362	0.08777	0.3362	0	0.01	0.02068	0.00232	0.05013	0.02068	0.00232	0.2808	0.05539	0	0.2189	0.5602	0.2189	0.04726	0.2	0.008869	0.02712	0.02857	0.008869	0.02712	0.1505	0.06843
185	Base	0.4162	0.06718	0.2329	0.1083	0.3729	0.05409	0.3691	0.0723	0.02	0.02	0.3829	0.244	0.3829	0	0.04	0.01741	0.01046	0.03436	0.01741	0.01046	0.3162	0.06679	0	0.239	0.4078	0.239	0.06664	0	7.965e-12	0.02039	0.0005488	7.965e-12	0.02039	0.1329	0.1061	0	0.3277	0.07834	0.3277	0.04961	0	0.01654	0.002262	0.04845	0.01654	0.002262	0.2729	0.05484	0.05	0.3389	0.6762	0.3389	0.1666	0	0.07366	0.02645	0.03082	0.07366	0.02645	0.2691	0.06983
186	Base	0.4092	0.0675	0.2402	0.1098	0.523	0.05356	0.3785	0.07454	0.05	0.02	0.3762	0.2418	0.3762	0.04998	0.02	0.01392	0.0107	0.03334	0.01392	0.0107	0.3092	0.06707	0	0.2479	0.3976	0.2479	0.05395	0	6.372e-12	0.01988	0.0005214	6.372e-12	0.01988	0.1402	0.1077	0	0.4773	0.2761	0.4773	0.2028	0	0.116	0.002206	0.05183	0.116	0.002206	0.423	0.0543	0.05	0.3501	0.6586	0.3501	0.08376	0.05	0.05893	0.02703	0.03223	0.05893	0.02703	0.2785	0.07159
187	Base	0.437	0.06782	0.3183	0.1112	0.5408	0.05305	0.3906	0.07713	0.01	0	0.4044	0.2409	0.4044	0.08424	0.02	0.01114	0.01093	0.03223	0.01114	0.01093	0.337	0.06737	0	0.3275	0.4399	0.3275	0.1261	0	0.02612	0.01938	0.001801	0.02612	0.01938	0.2183	0.1092	0.03	0.4946	0.2294	0.4946	0.1004	0	0.09319	0.002151	0.0539	0.09319	0.002151	0.4408	0.05377	0.05	0.3643	0.6465	0.3643	0.08862	0.05	0.04715	0.02761	0.03298	0.04715	0.02761	0.2906	0.0737
188	Base	0.5855	0.06815	0.2769	0.1126	0.5567	0.05255	0.3377	0.0799	0.02	0	0.5532	0.4494	0.5532	0.2092	0	0.1181	0.01066	0.03652	0.1181	0.01066	0.4855	0.0677	0	0.2876	0.4198	0.2876	0.02227	0	0.02089	0.0189	0.002756	0.02089	0.0189	0.1769	0.1107	0.01	0.5099	0.2061	0.5099	0.09904	0.03	0.07456	0.002847	0.05493	0.07456	0.002847	0.4567	0.05325	0	0.3139	0.6388	0.3139	0.02484	0.05	0.03772	0.02817	0.03321	0.03772	0.02817	0.2377	0.07615
189	Base	0.5352	0.06848	0.3344	0.1138	0.4657	0.05205	0.2794	0.08287	0.02	0.01	0.5032	0.3968	0.5032	0.03993	0	0.0945	0.01039	0.03942	0.0945	0.01039	0.4352	0.06802	0.05	0.3464	0.4277	0.3464	0.1129	0	0.02957	0.01843	0.004096	0.02957	0.01843	0.2344	0.112	0.01	0.4184	0.1798	0.4184	0	0.01	0.05964	0.003026	0.05517	0.05964	0.003026	0.3657	0.05275	0.05	0.2582	0.6096	0.2582	0.008764	0	0.03017	0.02746	0.03306	0.03017	0.02746	0.1794	0.07883
190	Base	0.5668	0.06882	0.3394	0.115	0.392	0.05157	0.2744	0.08622	0.01	0.01	0.5351	0.3767	0.5351	0.1089	0.01	0.08453	0.01038	0.04168	0.08453	0.01038	0.4668	0.06835	0	0.3527	0.4316	0.3527	0.07185	0.05	0.02365	0.01922	0.005074	0.02365	0.01922	0.2394	0.1133	0	0.3442	0.1594	0.3442	0	0.01	0.04772	0.0032	0.05479	0.04772	0.0032	0.292	0.05225	0.1	0.2562	0.6088	0.2562	0.05115	0.05	0.02414	0.02803	0.03261	0.02414	0.02803	0.1744	0.08172
191	Base	0.5778	0.06917	0.3185	0.1162	0.3814	0.0511	0.2638	0.08992	0	0.01	0.5465	0.3427	0.5465	0.09462	0.01	0.06762	0.01037	0.04297	0.06762	0.01037	0.4778	0.06868	0	0.333	0.4125	0.333	0.04689	0	0.01892	0.01873	0.005767	0.01892	0.01873	0.2185	0.1146	0	0.3331	0.1387	0.3331	0.04869	0	0.03817	0.00312	0.05396	0.03817	0.00312	0.2814	0.05177	0.1	0.2488	0.6352	0.2488	0.0439	0.1	0.01931	0.02983	0.03195	0.01931	0.02983	0.1638	0.08493
192	Base	0.5401	0.06952	0.2588	0.1173	0.3759	0.05063	0.2511	0.0938	0.01	0	0.5091	0.3154	0.5091	0.04935	0.01	0.0541	0.01036	0.04353	0.0541	0.01036	0.4401	0.06903	0.05	0.2745	0.3956	0.2745	0.004062	0	0.01514	0.01827	0.006235	0.01514	0.01827	0.1588	0.1157	0.01	0.3272	0.1219	0.3272	0.05121	0	0.03054	0.003042	0.05279	0.03054	0.003042	0.2759	0.05129	0	0.2396	0.6625	0.2396	0.03894	0.1	0.01545	0.03158	0.03112	0.01545	0.03158	0.1511	0.0885
193	Base	0.4577	0.06986	0.2311	0.1183	0.3711	0.05017	0.2106	0.09775	0.02	0.01	0.4271	0.2886	0.4271	0	0	0.04328	0.0101	0.04352	0.04328	0.0101	0.3577	0.06938	0	0.2479	0.4054	0.2479	0.02402	0.05	0.01211	0.01906	0.006529	0.01211	0.01906	0.1311	0.1168	0.02	0.322	0.1132	0.322	0.04972	0.01	0.02443	0.003216	0.05137	0.02443	0.003216	0.2711	0.05082	0	0.2029	0.6406	0.2029	0.0078	0	0.01236	0.03079	0.03019	0.01236	0.03079	0.1106	0.09229
194	Base	0.4348	0.0702	0.2574	0.1192	0.3166	0.04972	0.2289	0.1017	0.02	0.02	0.4045	0.2713	0.4045	0.04161	0.01	0.03462	0.0101	0.04307	0.03462	0.0101	0.3348	0.06972	0	0.2752	0.391	0.2752	0.0725	0	0.009689	0.01858	0.006687	0.009689	0.01858	0.1574	0.1179	0	0.267	0.1118	0.267	0	0.02	0.01954	0.003636	0.04978	0.01954	0.003636	0.2166	0.05036	0	0.2251	0.6202	0.2251	0.05968	0	0.009887	0.03002	0.02917	0.009887	0.03002	0.1289	0.09619
195	Base	0.4685	0.07054	0.3094	0.1201	0.3201	0.04928	0.267	0.1057	0.03	0	0.4386	0.2624	0.4386	0.09278	0.02	0.0277	0.01035	0.0423	0.0277	0.01035	0.3685	0.07007	0	0.3283	0.385	0.3283	0.1035	0	0.01129	0.01812	0.006917	0.01129	0.01812	0.2094	0.1188	0	0.27	0.1022	0.27	0.0482	0	0.01564	0.003545	0.04807	0.01564	0.003545	0.2201	0.0499	0.15	0.2671	0.6012	0.2671	0.08437	0	0.00791	0.02927	0.02811	0.00791	0.02927	0.167	0.1001
196	Base	0.5012	0.07086	0.3176	0.1209	0.3757	0.04885	0.2129	0.1097	0.02	0.02	0.4716	0.2461	0.4716	0.09963	0	0.02216	0.01009	0.0413	0.02216	0.01009	0.4012	0.0704	0	0.3373	0.3714	0.3373	0.07003	0	0.00903	0.01767	0.007023	0.00903	0.01767	0.2176	0.1198	0.02	0.3252	0.09414	0.3252	0.09965	0	0.01251	0.003456	0.0463	0.01251	0.003456	0.2757	0.04946	0	0.217	0.6584	0.217	0	0.15	0.006328	0.03229	0.02702	0.006328	0.03229	0.1129	0.1041
197	Base	0.5536	0.07117	0.3043	0.1217	0.3212	0.04846	0.2671	0.1138	0.02	0.01	0.5244	0.2868	0.5244	0.1223	0.02	0.04004	0.01034	0.04123	0.04004	0.01034	0.4536	0.07073	0	0.325	0.3589	0.325	0.0503	0	0.007224	0.01722	0.007033	0.007224	0.01722	0.2043	0.1206	0.04	0.2703	0.09741	0.2703	0	0.02	0.01001	0.00387	0.04448	0.01001	0.00387	0.2212	0.04902	0.05	0.2752	0.6398	0.2752	0.09588	0	0.005062	0.03148	0.02592	0.005062	0.03148	0.1671	0.1081
198	Base	0.5562	0.07147	0.336	0.1223	0.3793	0.04811	0.2889	0.1178	0	0.02	0.5272	0.2706	0.5272	0.08446	0.01	0.03203	0.01033	0.04077	0.03203	0.01033	0.4562	0.07104	0.05	0.3574	0.3474	0.3574	0.09253	0	0.005779	0.01679	0.00697	0.005779	0.01679	0.236	0.1214	0.03	0.3279	0.1115	0.3279	0.09899	0.04	0.008005	0.004773	0.04266	0.008005	0.004773	0.2793	0.04862	0	0.3011	0.647	0.3011	0.07497	0.05	0.00405	0.03195	0.02483	0.00405	0.03195	0.1889	0.1122
199	Base	0.5785	0.07175	0.3701	0.1229	0.3761	0.0478	0.3375	0.1218	0.01	0	0.5499	0.2688	0.5499	0.103	0.02	0.02867	0.01057	0.04017	0.02867	0.01057	0.4785	0.07135	0	0.3922	0.3644	0.3922	0.1013	0.05	0.005969	0.01762	0.00692	0.005969	0.01762	0.2701	0.1221	0	0.3243	0.1209	0.3243	0.05135	0.03	0.006404	0.005404	0.04085	0.006404	0.005404	0.2761	0.04826	0	0.3537	0.6418	0.3537	0.1062	0	0.009419	0.03115	0.02406	0.009419	0.03115	0.2375	0.1162
200	Base	0.5223	0.07202	0.3816	0.1234	0.4195	0.04752	0.2695	0.1257	0.02	0.01	0.4939	0.252	0.4939	0.03321	0	0.02294	0.01031	0.03931	0.02294	0.01031	0.4223	0.07164	0	0.4043	0.3532	0.4043	0.08547	0	0.004775	0.01718	0.006813	0.004775	0.01718	0.2816	0.1227	0	0.3675	0.1156	0.3675	0.09952	0	0.005123	0.005269	0.03906	0.005123	0.005269	0.3195	0.04793	0.05	0.2897	0.6224	0.2897	0	0	0.007536	0.03037	0.02323	0.007536	0.03037	0.1695	0.1202
