|Run	|Epoch	$RunName	#CorSim	#UnitErr	#PctErr	#PctCor	#TstCorSim	#TstUnitErr	#TstPctCor	#TstPctErr	#PerTrlMSec	#Hidden1_AvgAbsCaDiff	#Hidden1_AvgAbsActDiff	#Hidden1_AvgCaD	#Hidden1_AvgCaSpkD	#Hidden1_AvgActDiff	#Hidden1_ActDiffCorrel	#Hidden1_AvgCaDiff	#Hidden1_CaDiffCorrel	#Hidden2_AvgAbsCaDiff	#Hidden2_AvgAbsActDiff	#Hidden2_AvgCaD	#Hidden2_AvgCaSpkD	#Hidden2_AvgActDiff	#Hidden2_ActDiffCorrel	#Hidden2_AvgCaDiff	#Hidden2_CaDiffCorrel	#Output_AvgAbsCaDiff	#Output_AvgAbsActDiff	#Output_AvgCaD	#Output_AvgCaSpkD	#Output_AvgActDiff	#Output_ActDiffCorrel	#Output_AvgCaDiff	#Output_CaDiffCorrel	#Hidden1_ActAvg	#Hidden1_MaxGeM	#Hidden1_AvgDifAvg	#Hidden1_AvgDifMax	#Hidden1_CorSim	#Hidden2_ActAvg	#Hidden2_MaxGeM	#Hidden2_AvgDifAvg	#Hidden2_AvgDifMax	#Hidden2_CorSim	#Output_ActAvg	#Output_MaxGeM	#Output_AvgDifAvg	#Output_AvgDifMax	#Output_CorSim	#Input_ActAvg	#Hidden1_PCA_NStrong	#Hidden1_PCA_Top5	#Hidden1_PCA_Next5	#Hidden1_PCA_Rest	#Hidden2_PCA_NStrong	#Hidden2_PCA_Top5	#Hidden2_PCA_Next5	#Hidden2_PCA_Rest	#Output_PCA_NStrong	#Output_PCA_Top5	#Output_PCA_Next5	#Output_PCA_Rest
0	0	Base	0.04085	0.2464	1	0	0	0	0	0	0	0.01398	0.03107	0.2024	0.1037	0.01135	0.4343	0.01388	0.3088	0.01493	0.05449	0.1974	0.1028	0.0277	0.7485	0.01444	0.4256	0.07955	0.2786	0.2027	0.2323	0.07723	1	-0.0003503	0.7769	0.08573	1.022	0	0	0.9417	0.09474	0.9113	0	0	0.8208	0.1923	0.9383	0	0	0.04085	0.1952	19	0.0963	0.04537	0.003509	13	0.06227	0.02264	0.001921	6	0.03037	0.008707	0.001504
0	1	Base	0.2515	0.2352	1	0	0	0	0	0	14.44	0.01303	0.02811	0.2042	0.1047	0.01099	0.3184	0.01291	0.1899	0.01397	0.05195	0.2007	0.1023	0.02572	0.5476	0.01354	0.3925	0.08253	0.2583	0.2236	0.2414	0.06609	1	-0.005615	0.7156	0.08468	1.044	0	0	0.9464	0.09375	0.9078	0	0	0.8285	0.1933	1.02	0	0	0.2515	0.2085	19	0.0963	0.04537	0.003509	13	0.06227	0.02264	0.001921	6	0.03037	0.008707	0.001504
0	2	Base	0.3999	0.2288	1	0	0	0	0	0	13.86	0.01257	0.02687	0.2049	0.1043	0.008392	0.2993	0.01241	-0.1094	0.01304	0.04701	0.2029	0.1019	0.0201	0.4007	0.0124	0.3451	0.0855	0.2461	0.2411	0.2504	0.04901	1	-0.01075	0.53	0.08387	1.053	0	0	0.9512	0.09158	0.9244	0	0	0.8495	0.1957	1.108	0	0	0.3999	0.2124	19	0.0963	0.04537	0.003509	13	0.06227	0.02264	0.001921	6	0.03037	0.008707	0.001504
0	3	Base	0.4817	0.2272	1	0	0	0	0	0	13.89	0.01289	0.02691	0.2065	0.1056	0.009172	0.5017	0.01271	0.05386	0.01292	0.04833	0.2056	0.1042	0.02219	0.4564	0.01227	0.4578	0.08819	0.2327	0.2563	0.2566	0.03623	1	-0.01367	0.7824	0.08493	1.062	0.5328	1.597	0.9509	0.09372	0.9372	0.6134	1.479	0.8384	0.1957	1.214	0.5118	1.538	0.4817	0.2138	19	0.0963	0.04537	0.003509	13	0.06227	0.02264	0.001921	6	0.03037	0.008707	0.001504
0	4	Base	0.5233	0.2256	1	0	0	0	0	0	13.9	0.01251	0.02664	0.2071	0.1048	0.007418	0.4253	0.0123	0.1367	0.01218	0.04969	0.2065	0.1023	0.02201	0.3313	0.01129	0.1234	0.08632	0.2311	0.2477	0.256	0.03657	1	-0.01167	0.4476	0.08413	1.06	0.5328	1.597	0.9511	0.09349	0.9398	0.6134	1.479	0.8349	0.1961	1.207	0.5118	1.538	0.5233	0.2137	19	0.0963	0.04537	0.003509	13	0.06227	0.02264	0.001921	6	0.03037	0.008707	0.001504
0	5	Base	0.5483	0.2096	1	0	0	0	0	0	14.05	0.01242	0.02552	0.2082	0.1063	0.007114	0.3186	0.01218	0.02747	0.01221	0.04705	0.2092	0.102	0.02022	0.525	0.01131	0.3045	0.08732	0.2193	0.2607	0.2585	0.02207	1	-0.01709	0.6614	0.08471	1.066	0.5328	1.597	0.9513	0.09261	0.957	0.6134	1.479	0.8328	0.1944	1.257	0.5118	1.538	0.5483	0.214	19	0.1111	0.05231	0.004123	16	0.07294	0.02994	0.00255	12	0.08143	0.02444	0.003525
0	6	Base	0.6238	0.1984	1	0	0	0	0	0	13.71	0.01215	0.02527	0.2085	0.1063	0.006671	0.4237	0.01192	-0.18	0.01196	0.04547	0.2091	0.1008	0.01728	0.5563	0.01101	0.2735	0.08645	0.2043	0.2623	0.2597	0.01631	1	-0.01724	0.5765	0.08501	1.075	0.5328	1.597	0.9566	0.09149	0.9591	0.6134	1.479	0.8462	0.1935	1.295	0.5118	1.538	0.6238	0.2138	19	0.1111	0.05231	0.004123	16	0.07294	0.02994	0.00255	12	0.08143	0.02444	0.003525
0	7	Base	0.6255	0.1776	1	0	0	0	0	0	13.75	0.0123	0.02523	0.2093	0.1077	0.007413	0.2297	0.01207	-0.007955	0.01194	0.04706	0.2128	0.1022	0.01927	0.6725	0.01122	0.2801	0.08767	0.1993	0.2696	0.2631	0.007146	1	-0.01938	0.8535	0.08537	1.078	0.3257	1.066	0.9558	0.09228	0.9731	0.3154	0.9462	0.8405	0.1923	1.346	0.4989	1.529	0.6255	0.2136	19	0.1111	0.05231	0.004123	16	0.07294	0.02994	0.00255	12	0.08143	0.02444	0.003525
0	8	Base	0.6793	0.1616	0.96	0.04	0	0	0	0	13.84	0.01228	0.02413	0.212	0.1085	0.00622	0.4331	0.01198	0.1737	0.01139	0.04228	0.2172	0.1032	0.01593	0.5389	0.01046	0.1444	0.08925	0.1888	0.2752	0.2631	-0.004041	1	-0.02215	0.7974	0.08561	1.096	0.3257	1.066	0.9571	0.09043	1.007	0.3154	0.9462	0.867	0.1921	1.376	0.4989	1.529	0.6793	0.2138	19	0.1111	0.05231	0.004123	16	0.07294	0.02994	0.00255	12	0.08143	0.02444	0.003525
0	9	Base	0.7346	0.1536	0.96	0.04	0	0	0	0	13.56	0.01234	0.02358	0.2126	0.1097	0.0056	0.6472	0.01203	-0.1202	0.01119	0.04134	0.219	0.1026	0.01419	0.4802	0.01035	0.2463	0.08832	0.1791	0.2766	0.2672	-0.01654	1	-0.0225	0.7499	0.08646	1.105	0.3257	1.066	0.9616	0.09085	1.029	0.3154	0.9462	0.8747	0.1929	1.402	0.4989	1.529	0.7346	0.2141	19	0.1111	0.05231	0.004123	16	0.07294	0.02994	0.00255	12	0.08143	0.02444	0.003525
0	10	Base	0.7245	0.1536	1	0	0	0	0	0	13.57	0.01172	0.0228	0.2137	0.11	0.005539	0.3281	0.01139	0.1689	0.01066	0.04073	0.2213	0.1041	0.01233	0.3978	0.009678	0.3765	0.08948	0.1743	0.2876	0.2722	-0.02575	1	-0.02657	0.3792	0.08636	1.118	0.3257	1.066	0.9627	0.09121	1.043	0.3154	0.9462	0.8717	0.1897	1.469	0.4989	1.529	0.7245	0.2137	19	0.1199	0.06173	0.004382	17	0.08275	0.03848	0.002987	14	0.1196	0.04697	0.006945
0	11	Base	0.7718	0.144	1	0	0	0	0	0	13.55	0.0123	0.02119	0.2144	0.1119	0.005401	0.5156	0.01197	-0.08601	0.01118	0.04014	0.2243	0.1046	0.01447	0.385	0.01044	0.2935	0.08921	0.1624	0.2891	0.2705	-0.0229	1	-0.02681	0.604	0.08705	1.12	0.2715	0.7818	0.968	0.09089	1.064	0.2765	0.7687	0.8876	0.1894	1.488	0.4995	1.44	0.7718	0.2136	19	0.1199	0.06173	0.004382	17	0.08275	0.03848	0.002987	14	0.1196	0.04697	0.006945
0	12	Base	0.7574	0.1264	0.96	0.04	0	0	0	0	13.39	0.01224	0.02181	0.217	0.1123	0.004319	0.03075	0.01178	0.1763	0.01087	0.03912	0.2273	0.1047	0.01078	0.4186	0.009862	0.05117	0.09001	0.1639	0.2931	0.2734	-0.03248	1	-0.02922	0.4669	0.08743	1.134	0.2715	0.7818	0.9667	0.09079	1.08	0.2765	0.7687	0.8815	0.1887	1.533	0.4995	1.44	0.7574	0.2138	19	0.1199	0.06173	0.004382	17	0.08275	0.03848	0.002987	14	0.1196	0.04697	0.006945
0	13	Base	0.7697	0.112	0.84	0.16	0	0	0	0	13.56	0.01216	0.01999	0.2182	0.1133	0.004414	0.3376	0.01184	-0.2537	0.01078	0.03865	0.2295	0.1055	0.01205	0.5008	0.009776	-0.04041	0.09018	0.1535	0.2992	0.2769	-0.03501	1	-0.03186	0.5557	0.08733	1.145	0.2715	0.7818	0.97	0.09126	1.106	0.2765	0.7687	0.8869	0.1882	1.562	0.4995	1.44	0.7697	0.2143	19	0.1199	0.06173	0.004382	17	0.08275	0.03848	0.002987	14	0.1196	0.04697	0.006945
0	14	Base	0.8035	0.1056	0.96	0.04	0	0	0	0	13.28	0.01194	0.02012	0.2174	0.1139	0.004337	0.06897	0.01166	-0.3231	0.01082	0.03699	0.2315	0.1045	0.009726	0.378	0.009871	0.08046	0.08835	0.146	0.2955	0.2761	-0.03603	1	-0.03113	0.6282	0.08765	1.147	0.2715	0.7818	0.9701	0.08938	1.113	0.2765	0.7687	0.8917	0.1877	1.555	0.4995	1.44	0.8035	0.2137	19	0.1199	0.06173	0.004382	17	0.08275	0.03848	0.002987	14	0.1196	0.04697	0.006945
0	15	Base	0.7891	0.1232	0.88	0.12	0	0	0	0	13.38	0.0122	0.01863	0.2188	0.1153	0.004186	0.3927	0.01188	-0.1184	0.01109	0.03642	0.2339	0.1059	0.01012	0.3859	0.01031	0.02759	0.08986	0.1495	0.3003	0.2784	-0.03763	1	-0.03249	0.6299	0.08811	1.15	0.2654	0.6935	0.9738	0.08993	1.133	0.2539	0.56	0.9034	0.1881	1.562	0.4997	1.433	0.7891	0.2138	20	0.1425	0.06178	0.004767	18	0.09853	0.03905	0.003139	16	0.1582	0.0616	0.0103
0	16	Base	0.8396	0.0864	0.84	0.16	0	0	0	0	13.22	0.01209	0.02034	0.2208	0.115	0.004035	0.4561	0.01169	0.06016	0.01094	0.0375	0.2358	0.1055	0.009568	0.6325	0.01003	0.4057	0.08796	0.1343	0.2996	0.2772	-0.03787	1	-0.0327	0.6346	0.08868	1.161	0.2654	0.6935	0.9699	0.09036	1.135	0.2539	0.56	0.8919	0.1877	1.581	0.4997	1.433	0.8396	0.2138	20	0.1425	0.06178	0.004767	18	0.09853	0.03905	0.003139	16	0.1582	0.0616	0.0103
0	17	Base	0.8364	0.0752	0.84	0.16	0	0	0	0	13	0.01202	0.01855	0.2218	0.1174	0.003452	0.07221	0.01159	-0.03406	0.01086	0.03581	0.2407	0.1053	0.007617	0.4655	0.009565	0.1964	0.08875	0.1331	0.3018	0.2784	-0.04866	1	-0.03504	0.6257	0.0894	1.169	0.2654	0.6935	0.9736	0.08998	1.166	0.2539	0.56	0.9078	0.1882	1.601	0.4997	1.433	0.8364	0.2138	20	0.1425	0.06178	0.004767	18	0.09853	0.03905	0.003139	16	0.1582	0.0616	0.0103
0	18	Base	0.839	0.0784	0.72	0.28	0	0	0	0	13.1	0.01195	0.01794	0.2222	0.1171	0.002496	0.1076	0.01156	-0.1074	0.0104	0.03372	0.241	0.1059	0.00589	0.2339	0.009283	-0.04483	0.08784	0.1295	0.3027	0.2798	-0.04789	1	-0.03488	0.5039	0.0889	1.179	0.2654	0.6935	0.9764	0.08898	1.176	0.2539	0.56	0.9132	0.1867	1.592	0.4997	1.433	0.839	0.2135	20	0.1425	0.06178	0.004767	18	0.09853	0.03905	0.003139	16	0.1582	0.0616	0.0103
0	19	Base	0.8192	0.0896	0.84	0.16	0	0	0	0	13.25	0.01235	0.01853	0.2235	0.1191	0.004061	0.4945	0.01193	-0.07799	0.01124	0.0338	0.2435	0.1071	0.007929	0.4849	0.01037	0.2521	0.0886	0.1351	0.3032	0.2809	-0.04934	1	-0.03395	0.5936	0.09033	1.182	0.2584	0.5776	0.9746	0.08988	1.189	0.2566	0.6032	0.9199	0.1869	1.582	0.4863	1.435	0.8192	0.2139	20	0.1425	0.06178	0.004767	18	0.09853	0.03905	0.003139	16	0.1582	0.0616	0.0103
0	20	Base	0.8416	0.0768	0.8	0.2	0	0	0	0	13.07	0.01224	0.0169	0.2257	0.1196	0.002632	0.454	0.01173	0.2961	0.01103	0.03308	0.2469	0.107	0.006199	0.4656	0.01001	0.1976	0.08719	0.123	0.307	0.2796	-0.05096	1	-0.03776	0.5837	0.08958	1.197	0.2584	0.5776	0.9767	0.08933	1.211	0.2566	0.6032	0.9121	0.1866	1.617	0.4863	1.435	0.8416	0.2136	21	0.1528	0.06943	0.005236	19	0.1103	0.04769	0.003697	18	0.2037	0.0809	0.01482
0	21	Base	0.8549	0.0752	0.76	0.24	0	0	0	0	13.17	0.01215	0.01798	0.2261	0.1208	0.003549	0.5034	0.0117	0.06707	0.01122	0.03328	0.2487	0.107	0.005738	0.4909	0.01051	0.09665	0.08639	0.1255	0.3027	0.2796	-0.04593	1	-0.03553	0.6633	0.09179	1.209	0.2584	0.5776	0.9762	0.08921	1.22	0.2566	0.6032	0.9158	0.1866	1.611	0.4863	1.435	0.8549	0.214	21	0.1528	0.06943	0.005236	19	0.1103	0.04769	0.003697	18	0.2037	0.0809	0.01482
0	22	Base	0.8418	0.0768	0.76	0.24	0	0	0	0	13.02	0.01235	0.01751	0.2275	0.1217	0.002196	0.3571	0.01174	-0.2278	0.01138	0.03347	0.252	0.1078	0.00447	0.4228	0.01007	0.2064	0.08782	0.1267	0.3068	0.2821	-0.04994	1	-0.03793	0.6625	0.09169	1.216	0.2584	0.5776	0.9767	0.0885	1.232	0.2566	0.6032	0.9138	0.1869	1.62	0.4863	1.435	0.8418	0.214	21	0.1528	0.06943	0.005236	19	0.1103	0.04769	0.003697	18	0.2037	0.0809	0.01482
0	23	Base	0.8911	0.056	0.76	0.24	0	0	0	0	13.15	0.01206	0.01761	0.2277	0.1224	0.003146	0.6828	0.01164	-0.2526	0.01157	0.03359	0.2524	0.1087	0.00586	0.6054	0.01045	0.1704	0.08651	0.1172	0.304	0.2815	-0.05169	1	-0.03569	0.8316	0.09205	1.216	0.2542	0.5691	0.9764	0.09046	1.228	0.2607	0.7076	0.9148	0.1864	1.621	0.4814	1.265	0.8911	0.2138	21	0.1528	0.06943	0.005236	19	0.1103	0.04769	0.003697	18	0.2037	0.0809	0.01482
0	24	Base	0.8625	0.056	0.64	0.36	0	0	0	0	13.11	0.0118	0.01505	0.2297	0.1234	0.002364	0.5983	0.01135	0.1067	0.0114	0.03061	0.2558	0.1078	0.003311	0.2375	0.01039	0.3551	0.08606	0.1204	0.3058	0.2833	-0.05505	1	-0.03847	0.4267	0.0913	1.221	0.2542	0.5691	0.9806	0.089	1.262	0.2607	0.7076	0.9299	0.1863	1.634	0.4814	1.265	0.8625	0.2135	21	0.1528	0.06943	0.005236	19	0.1103	0.04769	0.003697	18	0.2037	0.0809	0.01482
0	25	Base	0.8598	0.064	0.8	0.2	0	0	0	0	13.1	0.01234	0.01531	0.2305	0.1241	0.002343	0.4123	0.01193	0.1017	0.01118	0.0304	0.2586	0.1094	0.005489	0.2501	0.01025	0.1664	0.08542	0.1188	0.3035	0.2822	-0.04899	1	-0.03657	0.6785	0.09232	1.23	0.2542	0.5691	0.9816	0.08979	1.269	0.2607	0.7076	0.9341	0.186	1.64	0.4814	1.265	0.8598	0.2135	20	0.1686	0.07423	0.005387	19	0.1245	0.04918	0.0035	18	0.2033	0.08744	0.01489
0	26	Base	0.867	0.0688	0.68	0.32	0	0	0	0	12.98	0.01207	0.01578	0.2313	0.1247	0.00238	0.5009	0.01156	-0.179	0.01161	0.03046	0.2593	0.1101	0.004394	0.1851	0.01055	0.1883	0.0862	0.1172	0.3049	0.2796	-0.05384	1	-0.03767	0.3805	0.09313	1.241	0.2542	0.5691	0.9827	0.09097	1.287	0.2607	0.7076	0.9329	0.1856	1.632	0.4814	1.265	0.867	0.2134	20	0.1686	0.07423	0.005387	19	0.1245	0.04918	0.0035	18	0.2033	0.08744	0.01489
0	27	Base	0.9005	0.0432	0.64	0.36	0	0	0	0	13.14	0.01265	0.01499	0.233	0.1267	0.001517	0.2164	0.01211	-0.04198	0.01167	0.02972	0.2634	0.112	0.004794	0.2025	0.01071	-0.06411	0.0857	0.1064	0.3101	0.2843	-0.05362	1	-0.03887	0.4324	0.09348	1.248	0.2584	0.667	0.9832	0.09066	1.306	0.265	0.5903	0.936	0.1856	1.652	0.4878	1.399	0.9005	0.2138	20	0.1686	0.07423	0.005387	19	0.1245	0.04918	0.0035	18	0.2033	0.08744	0.01489
0	28	Base	0.876	0.0464	0.6	0.4	0	0	0	0	13.03	0.01249	0.01607	0.2344	0.1261	0.002373	0.5334	0.01195	0.06823	0.01215	0.0298	0.2641	0.1116	0.003636	0.2948	0.01107	0.2276	0.08449	0.1111	0.3032	0.2822	-0.05269	1	-0.03753	0.2347	0.09378	1.265	0.2584	0.667	0.9802	0.09053	1.314	0.265	0.5903	0.9326	0.1855	1.638	0.4878	1.399	0.876	0.2133	20	0.1686	0.07423	0.005387	19	0.1245	0.04918	0.0035	18	0.2033	0.08744	0.01489
0	29	Base	0.8652	0.0656	0.8	0.2	0	0	0	0	13.02	0.01282	0.0147	0.2365	0.1279	0.001553	0.3363	0.01224	-0.1018	0.01208	0.02886	0.2679	0.1132	0.002695	0.3049	0.01111	0.05366	0.08458	0.1211	0.3075	0.285	-0.05865	1	-0.03922	0.5089	0.09469	1.281	0.2584	0.667	0.9827	0.09134	1.339	0.265	0.5903	0.9389	0.1856	1.669	0.4878	1.399	0.8652	0.2139	20	0.1686	0.07423	0.005387	19	0.1245	0.04918	0.0035	18	0.2033	0.08744	0.01489
0	30	Base	0.8932	0.0432	0.52	0.48	0	0	0	0	12.87	0.01248	0.01417	0.2374	0.1286	0.001333	0.2377	0.01191	-0.1596	0.01188	0.02808	0.2701	0.1141	0.001177	0.0976	0.0108	0.02391	0.08561	0.112	0.309	0.2855	-0.06193	1	-0.03959	0.2245	0.09482	1.283	0.2584	0.667	0.985	0.09136	1.343	0.265	0.5903	0.9434	0.1852	1.668	0.4878	1.399	0.8932	0.2138	21	0.1853	0.07942	0.005501	20	0.1454	0.05103	0.00399	19	0.2148	0.1082	0.01785
0	31	Base	0.887	0.0464	0.6	0.4	0	0	0	0	12.76	0.01257	0.01346	0.2382	0.13	0.001052	0.4191	0.01189	-0.2031	0.01193	0.02768	0.2732	0.1141	0.002229	0.06526	0.0111	-0.0573	0.08355	0.1097	0.309	0.2883	-0.06	1	-0.04006	0.4871	0.09527	1.298	0.2663	0.5037	0.986	0.09164	1.364	0.264	0.5276	0.9452	0.1849	1.678	0.497	1.285	0.887	0.2136	21	0.1853	0.07942	0.005501	20	0.1454	0.05103	0.00399	19	0.2148	0.1082	0.01785
0	32	Base	0.906	0.0272	0.48	0.52	0	0	0	0	12.71	0.01262	0.01436	0.2402	0.1308	0.001922	0.2722	0.01205	0.0699	0.01253	0.02855	0.2755	0.1142	0.002423	0.2057	0.01162	-0.007029	0.08262	0.1047	0.3029	0.2842	-0.06321	1	-0.0378	0.3846	0.09624	1.309	0.2663	0.5037	0.985	0.09204	1.389	0.264	0.5276	0.9449	0.1847	1.638	0.497	1.285	0.906	0.2135	21	0.1853	0.07942	0.005501	20	0.1454	0.05103	0.00399	19	0.2148	0.1082	0.01785
0	33	Base	0.9272	0.024	0.48	0.52	0	0	0	0	12.74	0.01321	0.0143	0.2419	0.1319	0.001712	0.1931	0.01261	0.04669	0.01253	0.0282	0.2792	0.1164	0.00349	-0.05719	0.01167	-0.04484	0.0821	0.1	0.3082	0.2912	-0.06396	1	-0.03944	0.3934	0.09724	1.306	0.2663	0.5037	0.985	0.09287	1.402	0.264	0.5276	0.9479	0.1851	1.674	0.497	1.285	0.9272	0.214	21	0.1853	0.07942	0.005501	20	0.1454	0.05103	0.00399	19	0.2148	0.1082	0.01785
0	34	Base	0.9232	0.0288	0.52	0.48	0	0	0	0	12.75	0.01316	0.01243	0.2429	0.1331	0.0006978	0.342	0.01255	0.03679	0.01276	0.02572	0.2811	0.1175	0.001614	0.2099	0.01187	0.3184	0.08308	0.1025	0.308	0.288	-0.06337	1	-0.03944	0.6956	0.09727	1.32	0.2663	0.5037	0.988	0.09312	1.415	0.264	0.5276	0.9568	0.1851	1.688	0.497	1.285	0.9232	0.2141	21	0.1853	0.07942	0.005501	20	0.1454	0.05103	0.00399	19	0.2148	0.1082	0.01785
0	35	Base	0.903	0.0384	0.56	0.44	0	0	0	0	12.74	0.01259	0.01232	0.2427	0.1326	9.961e-05	0.02404	0.01192	-0.1626	0.01241	0.02455	0.2807	0.1169	-0.0001153	0.2484	0.01137	0.1334	0.08256	0.1067	0.307	0.287	-0.06139	1	-0.04008	0.434	0.09655	1.32	0.3019	0.7478	0.9893	0.09245	1.413	0.2969	0.7478	0.9611	0.185	1.692	0.5114	1.418	0.903	0.2132	20	0.1972	0.0883	0.005814	19	0.1596	0.05966	0.004211	17	0.2341	0.1086	0.01939
0	36	Base	0.8851	0.056	0.68	0.32	0	0	0	0	12.73	0.01319	0.01371	0.2458	0.1339	0.0006369	0.1055	0.01238	-0.06278	0.01269	0.0271	0.2866	0.1178	0.0001801	0.5421	0.01138	-0.215	0.0824	0.1133	0.3051	0.2885	-0.06108	1	-0.03874	0.1904	0.09807	1.348	0.3019	0.7478	0.9845	0.09348	1.427	0.2969	0.7478	0.9486	0.1843	1.681	0.5114	1.418	0.8851	0.214	20	0.1972	0.0883	0.005814	19	0.1596	0.05966	0.004211	17	0.2341	0.1086	0.01939
0	37	Base	0.9138	0.0336	0.52	0.48	0	0	0	0	12.69	0.01295	0.01258	0.2467	0.1361	0.0004838	-0.06185	0.01217	-0.2371	0.01314	0.0263	0.2906	0.1185	0.0001089	0.09107	0.01209	-0.3068	0.08158	0.1027	0.3046	0.2879	-0.06209	1	-0.03924	0.2753	0.09954	1.369	0.3019	0.7478	0.9887	0.09312	1.457	0.2969	0.7478	0.9554	0.1839	1.682	0.5114	1.418	0.9138	0.2142	20	0.1972	0.0883	0.005814	19	0.1596	0.05966	0.004211	17	0.2341	0.1086	0.01939
0	38	Base	0.9168	0.0352	0.56	0.44	0	0	0	0	12.68	0.01319	0.01242	0.2477	0.1354	0.0003899	0.7329	0.01261	0.1096	0.0129	0.02477	0.29	0.1212	0.0017	0.5429	0.01186	0.4067	0.08141	0.1014	0.3074	0.2904	-0.06316	1	-0.03918	0.3493	0.09897	1.372	0.3019	0.7478	0.9886	0.09513	1.488	0.2969	0.7478	0.9579	0.1842	1.702	0.5114	1.418	0.9168	0.2138	20	0.1972	0.0883	0.005814	19	0.1596	0.05966	0.004211	17	0.2341	0.1086	0.01939
0	39	Base	0.8951	0.0416	0.52	0.48	0	0	0	0	12.77	0.01332	0.01386	0.2486	0.1366	0.001599	-0.0477	0.01263	-0.0691	0.01331	0.02764	0.2919	0.1211	0.002454	0.3437	0.01225	-0.1478	0.08172	0.1065	0.3043	0.2902	-0.06099	1	-0.03859	0.2326	0.1004	1.369	0.264	0.5512	0.9866	0.09583	1.496	0.28	0.5668	0.9519	0.1849	1.68	0.4896	1.368	0.8951	0.2139	20	0.1972	0.0883	0.005814	19	0.1596	0.05966	0.004211	17	0.2341	0.1086	0.01939
0	40	Base	0.9334	0.0176	0.28	0.72	0	0	0	0	12.88	0.01333	0.01191	0.2521	0.1377	1.643e-05	0.4196	0.01251	-0.0639	0.01342	0.02517	0.2963	0.1231	0.0006016	0.2705	0.01222	0.1629	0.08081	0.09883	0.3065	0.2924	-0.06865	1	-0.03898	0.2485	0.09988	1.39	0.264	0.5512	0.9892	0.09639	1.52	0.28	0.5668	0.9597	0.1837	1.7	0.4896	1.368	0.9334	0.2141	21	0.2216	0.09373	0.005944	20	0.1748	0.06528	0.00463	18	0.2413	0.1201	0.02207
0	41	Base	0.9022	0.0464	0.56	0.44	0	0	0	0	12.77	0.01376	0.01229	0.2543	0.1396	-0.0005657	0.4614	0.01279	-0.4831	0.01387	0.0254	0.3013	0.125	-0.0004692	-0.1041	0.01246	0.0261	0.0823	0.107	0.3116	0.2948	-0.06646	1	-0.04069	0.4172	0.1012	1.402	0.264	0.5512	0.989	0.09735	1.536	0.28	0.5668	0.9584	0.1842	1.722	0.4896	1.368	0.9022	0.2145	21	0.2216	0.09373	0.005944	20	0.1748	0.06528	0.00463	18	0.2413	0.1201	0.02207
0	42	Base	0.9101	0.0336	0.56	0.44	0	0	0	0	12.72	0.01368	0.01234	0.2527	0.1386	8.811e-05	0.005061	0.01295	-0.01403	0.01364	0.02594	0.2993	0.1245	0.0009408	0.2012	0.0127	0.1353	0.08029	0.1054	0.3027	0.2921	-0.06748	1	-0.0381	0.4173	0.1009	1.408	0.264	0.5512	0.9891	0.09697	1.541	0.28	0.5668	0.956	0.1852	1.691	0.4896	1.368	0.9101	0.2134	21	0.2216	0.09373	0.005944	20	0.1748	0.06528	0.00463	18	0.2413	0.1201	0.02207
0	43	Base	0.9329	0.0192	0.28	0.72	0	0	0	0	12.63	0.01385	0.01129	0.2544	0.1405	-0.0001807	0.3903	0.01316	-0.1639	0.01409	0.02334	0.3036	0.1263	0.00246	0.1781	0.0129	-0.006817	0.07866	0.09564	0.3048	0.2946	-0.0677	1	-0.03854	0.3282	0.1021	1.42	0.2649	0.502	0.9908	0.09799	1.57	0.2771	0.6041	0.9676	0.1834	1.694	0.4974	1.42	0.9329	0.2135	21	0.2216	0.09373	0.005944	20	0.1748	0.06528	0.00463	18	0.2413	0.1201	0.02207
0	44	Base	0.923	0.024	0.32	0.68	0	0	0	0	12.66	0.01399	0.01197	0.2576	0.1406	-0.0006139	-0.01645	0.01322	-0.07566	0.01381	0.02454	0.3072	0.1273	0.000844	0.01809	0.01266	-0.1943	0.07967	0.1017	0.3069	0.2945	-0.06793	1	-0.0397	0.2386	0.1021	1.427	0.2649	0.502	0.9902	0.09878	1.586	0.2771	0.6041	0.9621	0.1842	1.702	0.4974	1.42	0.923	0.2141	21	0.2216	0.09373	0.005944	20	0.1748	0.06528	0.00463	18	0.2413	0.1201	0.02207
0	45	Base	0.9164	0.032	0.4	0.6	0	0	0	0	12.69	0.01369	0.0115	0.2584	0.1413	-0.001182	0.4793	0.01297	0.04458	0.0139	0.02353	0.3092	0.1281	0.0003417	0.2404	0.0127	0.1142	0.08008	0.1028	0.3083	0.2965	-0.07045	1	-0.03992	0.4339	0.1025	1.456	0.2649	0.502	0.9912	0.09899	1.601	0.2771	0.6041	0.9646	0.1829	1.743	0.4974	1.42	0.9164	0.2139	20	0.2362	0.09845	0.006496	20	0.2	0.07253	0.004834	19	0.2588	0.1249	0.02343
0	46	Base	0.9342	0.0192	0.28	0.72	0	0	0	0	12.62	0.01409	0.01103	0.2606	0.1426	-0.0004061	0.1211	0.01326	-0.4396	0.0141	0.02159	0.3119	0.1312	-0.0002975	0.05161	0.01303	-0.1381	0.07918	0.09504	0.311	0.2978	-0.06789	1	-0.04025	0.4023	0.103	1.474	0.2649	0.502	0.9914	0.09981	1.615	0.2771	0.6041	0.967	0.1829	1.772	0.4974	1.42	0.9342	0.214	20	0.2362	0.09845	0.006496	20	0.2	0.07253	0.004834	19	0.2588	0.1249	0.02343
0	47	Base	0.9398	0.0192	0.32	0.68	0	0	0	0	12.62	0.01415	0.01098	0.2616	0.1441	9.701e-05	0.3179	0.01333	-0.3158	0.0149	0.0227	0.3141	0.1312	-0.0003719	0.2499	0.01384	-0.269	0.07975	0.09349	0.3088	0.2931	-0.06653	1	-0.03967	0.4217	0.104	1.463	0.2538	0.5153	0.9916	0.1006	1.636	0.2632	0.5191	0.9692	0.1833	1.734	0.5087	1.319	0.9398	0.2138	20	0.2362	0.09845	0.006496	20	0.2	0.07253	0.004834	19	0.2588	0.1249	0.02343
0	48	Base	0.9359	0.024	0.32	0.68	0	0	0	0	12.62	0.01442	0.01167	0.2631	0.1438	0.00025	0.292	0.01362	-0.1534	0.01455	0.02421	0.3163	0.131	0.0007743	0.3426	0.01363	-0.2143	0.07839	0.092	0.3043	0.2939	-0.06562	1	-0.0383	0.3856	0.1039	1.485	0.2538	0.5153	0.99	0.1009	1.637	0.2632	0.5191	0.9627	0.1835	1.723	0.5087	1.319	0.9359	0.2139	20	0.2362	0.09845	0.006496	20	0.2	0.07253	0.004834	19	0.2588	0.1249	0.02343
0	49	Base	0.9322	0.0192	0.32	0.68	0	0	0	0	12.57	0.0147	0.01152	0.2659	0.1461	-0.0002545	0.3456	0.01385	-0.227	0.01511	0.02338	0.3215	0.1338	0.0003178	0.3813	0.01405	-0.2839	0.0789	0.09424	0.3078	0.2968	-0.07111	1	-0.03912	0.3775	0.1053	1.511	0.2538	0.5153	0.9907	0.103	1.67	0.2632	0.5191	0.9667	0.1829	1.738	0.5087	1.319	0.9322	0.2145	20	0.2362	0.09845	0.006496	20	0.2	0.07253	0.004834	19	0.2588	0.1249	0.02343
0	50	Base	0.9357	0.0208	0.28	0.72	0	0	0	0	12.63	0.01447	0.01166	0.2656	0.1458	5.241e-05	0.1428	0.01365	-0.2911	0.01556	0.02307	0.3215	0.134	-0.0002273	0.2146	0.01437	-0.1586	0.0786	0.09298	0.307	0.2972	-0.06745	1	-0.03891	0.5649	0.1057	1.522	0.2538	0.5153	0.9912	0.1025	1.683	0.2632	0.5191	0.9663	0.182	1.749	0.5087	1.319	0.9357	0.2141	21	0.2547	0.1044	0.006726	20	0.2243	0.07953	0.005121	19	0.2731	0.1306	0.0244
0	51	Base	0.9474	0.0208	0.32	0.68	0	0	0	0	12.63	0.01476	0.01066	0.2676	0.1472	0.000113	0.09862	0.01375	-0.2039	0.01561	0.02137	0.324	0.1356	7.99e-06	0.323	0.0145	0.0234	0.07821	0.09259	0.3069	0.297	-0.06862	1	-0.03869	0.4364	0.1059	1.526	0.2625	0.7103	0.992	0.1037	1.708	0.2657	0.5857	0.9723	0.1828	1.748	0.5036	1.413	0.9474	0.2141	21	0.2547	0.1044	0.006726	20	0.2243	0.07953	0.005121	19	0.2731	0.1306	0.0244
0	52	Base	0.9433	0.0192	0.36	0.64	0	0	0	0	12.57	0.01478	0.01055	0.2689	0.1466	-0.0002608	0.1358	0.01387	-0.6344	0.01573	0.02256	0.3249	0.1353	-0.001114	-0.1615	0.01459	-0.4693	0.07799	0.09385	0.3057	0.296	-0.06908	1	-0.03901	0.3824	0.1057	1.515	0.2625	0.7103	0.9922	0.1032	1.697	0.2657	0.5857	0.9693	0.1831	1.726	0.5036	1.413	0.9433	0.214	21	0.2547	0.1044	0.006726	20	0.2243	0.07953	0.005121	19	0.2731	0.1306	0.0244
0	53	Base	0.9455	0.0176	0.28	0.72	0	0	0	0	12.62	0.01475	0.01069	0.2694	0.1476	0.000157	-0.007984	0.01381	-0.2066	0.0154	0.02203	0.3271	0.1353	-0.001362	0.06347	0.01443	-0.1595	0.07775	0.09067	0.3049	0.2942	-0.068	1	-0.03873	0.3722	0.1063	1.529	0.2625	0.7103	0.9928	0.1031	1.711	0.2657	0.5857	0.9718	0.1826	1.74	0.5036	1.413	0.9455	0.2142	21	0.2547	0.1044	0.006726	20	0.2243	0.07953	0.005121	19	0.2731	0.1306	0.0244
0	54	Base	0.9399	0.0176	0.36	0.64	0	0	0	0	12.77	0.01455	0.01205	0.2688	0.147	0.0002669	0.517	0.01387	-0.1041	0.01542	0.02426	0.3257	0.1357	0.00245	0.4578	0.0145	0.1096	0.07865	0.09231	0.3028	0.2921	-0.06465	1	-0.03735	0.2432	0.106	1.519	0.2625	0.7103	0.9905	0.1049	1.715	0.2657	0.5857	0.9652	0.1837	1.728	0.5036	1.413	0.9399	0.2139	21	0.2547	0.1044	0.006726	20	0.2243	0.07953	0.005121	19	0.2731	0.1306	0.0244
0	55	Base	0.9495	0.0096	0.12	0.88	0	0	0	0	12.75	0.01517	0.01116	0.271	0.148	-0.0008635	0.03757	0.01411	-0.08424	0.01569	0.02241	0.3288	0.1378	-0.001346	0.0626	0.01445	-0.06981	0.07915	0.09349	0.3092	0.296	-0.07353	1	-0.0398	0.2297	0.1069	1.53	0.2598	0.5803	0.9922	0.1048	1.711	0.2704	0.5704	0.9703	0.1828	1.746	0.4976	1.398	0.9495	0.2144	21	0.2681	0.1064	0.006928	20	0.2357	0.08253	0.005125	18	0.2673	0.1323	0.02662
0	56	Base	0.9493	0.0144	0.28	0.72	0	0	0	0	12.62	0.01484	0.01157	0.2707	0.1477	0.0004806	0.4232	0.01403	0.01341	0.01618	0.02246	0.329	0.1354	-0.0003284	0.4317	0.01516	0.1569	0.07697	0.09233	0.3028	0.2943	-0.07113	1	-0.03789	0.7498	0.1069	1.52	0.2598	0.5803	0.9907	0.1039	1.709	0.2704	0.5704	0.9718	0.1829	1.72	0.4976	1.398	0.9493	0.214	21	0.2681	0.1064	0.006928	20	0.2357	0.08253	0.005125	18	0.2673	0.1323	0.02662
0	57	Base	0.95	0.0192	0.32	0.68	0	0	0	0	12.52	0.0148	0.01182	0.2712	0.1471	-0.0004536	0.4444	0.01389	-0.2057	0.0153	0.02373	0.3291	0.1359	0.0006392	0.221	0.01408	-0.05073	0.07669	0.09094	0.3039	0.2953	-0.0713	1	-0.03831	0.3603	0.1063	1.534	0.2598	0.5803	0.9903	0.1045	1.714	0.2704	0.5704	0.9681	0.1826	1.735	0.4976	1.398	0.95	0.2141	21	0.2681	0.1064	0.006928	20	0.2357	0.08253	0.005125	18	0.2673	0.1323	0.02662
0	58	Base	0.9574	0.0064	0.12	0.88	0	0	0	0	12.55	0.01481	0.01092	0.2714	0.1473	-0.00121	0.4347	0.01387	-0.2535	0.01556	0.02337	0.3295	0.1365	-0.0008225	0.05827	0.0143	-0.04596	0.07736	0.09094	0.3054	0.2967	-0.07232	1	-0.03847	0.1588	0.1059	1.531	0.2598	0.5803	0.9915	0.1048	1.724	0.2704	0.5704	0.9668	0.1829	1.74	0.4976	1.398	0.9574	0.2137	21	0.2681	0.1064	0.006928	20	0.2357	0.08253	0.005125	18	0.2673	0.1323	0.02662
0	59	Base	0.9572	0.0096	0.2	0.8	0	0	0	0	12.61	0.01486	0.01124	0.2721	0.1476	-0.0008327	0.5386	0.01401	-0.129	0.01548	0.02274	0.3313	0.137	-0.001014	0.5362	0.01434	-0.01272	0.07644	0.08955	0.3061	0.3021	-0.07475	1	-0.03926	0.5472	0.1067	1.54	0.2544	0.5453	0.9922	0.105	1.73	0.2512	0.5819	0.9698	0.1824	1.731	0.4889	1.302	0.9572	0.2141	21	0.2681	0.1064	0.006928	20	0.2357	0.08253	0.005125	18	0.2673	0.1323	0.02662
0	60	Base	0.9443	0.0208	0.36	0.64	0	0	0	0	12.69	0.01516	0.01101	0.2745	0.1487	-0.0006263	0.05557	0.01429	-0.2538	0.01634	0.02405	0.3342	0.1379	0.0004993	0.3992	0.01518	0.0619	0.07962	0.09451	0.307	0.2953	-0.07006	1	-0.03847	0.6124	0.1071	1.548	0.2544	0.5453	0.9918	0.1053	1.748	0.2512	0.5819	0.9665	0.1833	1.747	0.4889	1.302	0.9443	0.2145	21	0.268	0.1104	0.006907	20	0.2407	0.08148	0.005076	18	0.2648	0.1371	0.0267
0	61	Base	0.9423	0.0144	0.36	0.64	0	0	0	0	12.64	0.01495	0.01104	0.274	0.1478	-0.0005258	0.4165	0.01404	-0.02285	0.01575	0.02282	0.3335	0.1375	8.575e-05	0.3651	0.01463	-0.0652	0.07682	0.09266	0.3074	0.2989	-0.07358	1	-0.03946	0.6214	0.1067	1.529	0.2544	0.5453	0.9909	0.1046	1.739	0.2512	0.5819	0.9683	0.1823	1.727	0.4889	1.302	0.9423	0.2139	21	0.268	0.1104	0.006907	20	0.2407	0.08148	0.005076	18	0.2648	0.1371	0.0267
0	62	Base	0.9607	0.0048	0.12	0.88	0	0	0	0	12.59	0.0151	0.01041	0.274	0.149	-0.000785	0.3527	0.01426	-0.4111	0.01588	0.02148	0.3355	0.138	0.000239	0.1093	0.01479	0.003075	0.07715	0.08566	0.3051	0.2973	-0.07082	1	-0.0377	0.2334	0.1074	1.544	0.2544	0.5453	0.9927	0.1058	1.74	0.2512	0.5819	0.9704	0.1829	1.735	0.4889	1.302	0.9607	0.2138	21	0.268	0.1104	0.006907	20	0.2407	0.08148	0.005076	18	0.2648	0.1371	0.0267
0	63	Base	0.9555	0.0064	0.12	0.88	0	0	0	0	12.6	0.01497	0.01132	0.2742	0.1482	0.0003186	-0.06384	0.01413	-0.105	0.01613	0.02335	0.3332	0.1376	-0.0001426	0.08913	0.01505	0.04981	0.07762	0.08904	0.3045	0.2963	-0.07318	1	-0.03835	0.4453	0.1066	1.547	0.2516	0.5107	0.9907	0.1055	1.75	0.2517	0.4362	0.9682	0.1829	1.731	0.5115	1.366	0.9555	0.2138	21	0.268	0.1104	0.006907	20	0.2407	0.08148	0.005076	18	0.2648	0.1371	0.0267
0	64	Base	0.9561	0.008	0.16	0.84	0	0	0	0	12.51	0.01494	0.01085	0.2754	0.1484	-0.001109	0.5485	0.01407	-0.1901	0.01612	0.02318	0.3369	0.137	-0.0003997	0.1892	0.01479	-0.08355	0.07731	0.09016	0.3057	0.2985	-0.07641	1	-0.03952	0.3664	0.1072	1.551	0.2516	0.5107	0.9931	0.1051	1.763	0.2517	0.4362	0.9705	0.1826	1.732	0.5115	1.366	0.9561	0.2135	21	0.268	0.1104	0.006907	20	0.2407	0.08148	0.005076	18	0.2648	0.1371	0.0267
0	65	Base	0.9597	0.0064	0.16	0.84	0	0	0	0	12.68	0.0152	0.01103	0.2765	0.1492	-0.0004856	0.3862	0.01436	-0.427	0.01652	0.02236	0.338	0.1386	-0.0007194	-0.06542	0.01527	-0.05423	0.07702	0.0882	0.3076	0.2998	-0.07329	1	-0.03904	0.2464	0.1076	1.555	0.2516	0.5107	0.9914	0.1056	1.759	0.2517	0.4362	0.9697	0.1823	1.737	0.5115	1.366	0.9597	0.214	20	0.2685	0.1137	0.006958	21	0.24	0.08679	0.005267	19	0.2874	0.1366	0.02748
0	66	Base	0.9446	0.0176	0.2	0.8	0	0	0	0	12.58	0.01526	0.01105	0.2769	0.1495	-0.0006788	0.2148	0.0144	-0.1294	0.0166	0.02487	0.3389	0.1393	0.00147	-0.2183	0.01529	0.1034	0.07785	0.09306	0.3071	0.3002	-0.07582	1	-0.03862	0.2056	0.1077	1.555	0.2516	0.5107	0.9912	0.1068	1.787	0.2517	0.4362	0.9653	0.1825	1.721	0.5115	1.366	0.9446	0.2139	20	0.2685	0.1137	0.006958	21	0.24	0.08679	0.005267	19	0.2874	0.1366	0.02748
0	67	Base	0.9565	0.0128	0.16	0.84	0	0	0	0	12.66	0.01503	0.01106	0.2766	0.1486	-0.0007175	0.4554	0.0141	-0.4606	0.01637	0.02165	0.3376	0.1384	-0.001927	-0.1503	0.01516	-0.004055	0.07769	0.092	0.3073	0.3011	-0.07632	1	-0.03927	0.1201	0.1072	1.568	0.2522	0.441	0.9915	0.1056	1.79	0.2551	0.5265	0.9753	0.1832	1.745	0.518	1.365	0.9565	0.2138	20	0.2685	0.1137	0.006958	21	0.24	0.08679	0.005267	19	0.2874	0.1366	0.02748
0	68	Base	0.9444	0.0176	0.24	0.76	0	0	0	0	1506	0.01552	0.011	0.2793	0.1492	-0.0006887	0.5181	0.01459	-0.1736	0.01644	0.02251	0.341	0.1405	-0.0002299	-0.1652	0.01513	0.07817	0.07808	0.09299	0.3102	0.2997	-0.07309	1	-0.03944	0.4404	0.1077	1.588	0.2522	0.441	0.9925	0.1074	1.786	0.2551	0.5265	0.9725	0.1822	1.78	0.518	1.365	0.9444	0.214	20	0.2685	0.1137	0.006958	21	0.24	0.08679	0.005267	19	0.2874	0.1366	0.02748
0	69	Base	0.9414	0.0224	0.36	0.64	0	0	0	0	14.19	0.01563	0.01099	0.2787	0.1487	-0.0007351	0.1439	0.01468	-0.4438	0.01624	0.02232	0.3396	0.1393	7.125e-05	0.2477	0.015	-0.1851	0.07828	0.09522	0.3051	0.2962	-0.07232	1	-0.03767	0.4384	0.1075	1.581	0.2522	0.441	0.9926	0.1065	1.784	0.2551	0.5265	0.9727	0.1828	1.756	0.518	1.365	0.9414	0.2142	20	0.2685	0.1137	0.006958	21	0.24	0.08679	0.005267	19	0.2874	0.1366	0.02748
0	70	Base	0.9471	0.0128	0.16	0.84	0	0	0	0	13.13	0.01553	0.01085	0.2792	0.1497	-0.0001477	0.1591	0.01461	-0.3719	0.01686	0.0222	0.3415	0.1396	-0.0005614	0.08658	0.01567	-0.4042	0.07832	0.09225	0.3076	0.3002	-0.07452	1	-0.03883	0.4938	0.108	1.593	0.2522	0.441	0.9927	0.1062	1.799	0.2551	0.5265	0.9715	0.1825	1.77	0.518	1.365	0.9471	0.2139	21	0.2742	0.1138	0.007385	20	0.2456	0.08703	0.00565	18	0.2797	0.1379	0.02658
0	71	Base	0.9426	0.0176	0.36	0.64	0	0	0	0	12.86	0.0151	0.01057	0.2798	0.1504	-0.0006954	-0.1293	0.01425	-0.05325	0.01635	0.02218	0.3444	0.1404	-0.001425	0.3902	0.0153	-0.07322	0.078	0.09342	0.3099	0.3017	-0.07255	1	-0.0397	0.3535	0.1083	1.579	0.2462	0.5413	0.9928	0.1064	1.798	0.2489	0.477	0.9697	0.1826	1.755	0.5227	1.319	0.9426	0.2139	21	0.2742	0.1138	0.007385	20	0.2456	0.08703	0.00565	18	0.2797	0.1379	0.02658
0	72	Base	0.9542	0.0112	0.24	0.76	0	0	0	0	12.57	0.01564	0.01106	0.2817	0.1503	-0.000729	0.2998	0.01462	-0.3276	0.01672	0.02333	0.3452	0.1401	-0.001444	0.2815	0.01548	-0.1622	0.07758	0.09072	0.3073	0.298	-0.07464	1	-0.03869	0.4606	0.1086	1.582	0.2462	0.5413	0.9924	0.1071	1.799	0.2489	0.477	0.972	0.1824	1.735	0.5227	1.319	0.9542	0.2139	21	0.2742	0.1138	0.007385	20	0.2456	0.08703	0.00565	18	0.2797	0.1379	0.02658
0	73	Base	0.9501	0.0176	0.24	0.76	0	0	0	0	12.76	0.01607	0.01142	0.2819	0.1505	-0.001304	-0.03333	0.01529	-0.02851	0.01669	0.02318	0.3462	0.1414	0.0003309	0.2392	0.01548	-0.1106	0.07709	0.08989	0.307	0.298	-0.07151	1	-0.03818	0.262	0.1092	1.592	0.2462	0.5413	0.9919	0.1082	1.811	0.2489	0.477	0.9714	0.1827	1.745	0.5227	1.319	0.9501	0.2145	21	0.2742	0.1138	0.007385	20	0.2456	0.08703	0.00565	18	0.2797	0.1379	0.02658
0	74	Base	0.9559	0.0144	0.24	0.76	0	0	0	0	12.5	0.01548	0.01086	0.2833	0.1516	-0.0004061	0.1703	0.01452	-0.2343	0.01677	0.02176	0.3485	0.1423	0.000286	-0.01456	0.01569	-0.04913	0.07791	0.08885	0.3115	0.3009	-0.07687	1	-0.04016	0.2274	0.1093	1.604	0.2462	0.5413	0.9923	0.1084	1.827	0.2489	0.477	0.9726	0.1823	1.763	0.5227	1.319	0.9559	0.2144	21	0.2742	0.1138	0.007385	20	0.2456	0.08703	0.00565	18	0.2797	0.1379	0.02658
0	75	Base	0.9501	0.0096	0.16	0.84	0	0	0	0	12.82	0.01578	0.01091	0.2827	0.1505	-0.0008932	0.3022	0.01482	-0.2739	0.01701	0.02412	0.3464	0.1418	0.0005536	-0.009507	0.01576	-0.1054	0.07763	0.0897	0.3096	0.3016	-0.07089	1	-0.03938	0.2092	0.1086	1.61	0.2455	0.4537	0.992	0.1086	1.837	0.2477	0.4862	0.9669	0.1821	1.764	0.5426	1.373	0.9501	0.2143	21	0.2763	0.1172	0.00742	20	0.2445	0.09253	0.005847	19	0.2862	0.1432	0.02686
0	76	Base	0.9422	0.0192	0.28	0.72	0	0	0	0	12.59	0.01577	0.01092	0.2834	0.1497	-0.0001495	0.1401	0.01488	-0.2802	0.01681	0.02191	0.3467	0.1417	8.054e-05	-0.1149	0.01579	-0.235	0.07742	0.09425	0.3088	0.3008	-0.07514	1	-0.03906	0.2171	0.1078	1.596	0.2455	0.4537	0.9921	0.108	1.831	0.2477	0.4862	0.9716	0.1821	1.743	0.5426	1.373	0.9422	0.2136	21	0.2763	0.1172	0.00742	20	0.2445	0.09253	0.005847	19	0.2862	0.1432	0.02686
0	77	Base	0.9375	0.024	0.32	0.68	0	0	0	0	12.66	0.01572	0.01146	0.2841	0.1501	-0.0008599	0.3557	0.01502	-0.3606	0.01716	0.02248	0.3475	0.1419	-0.0009499	0.1149	0.01587	-0.1204	0.07899	0.09263	0.3088	0.2992	-0.07128	1	-0.03915	0.2195	0.1087	1.601	0.2455	0.4537	0.9915	0.1082	1.833	0.2477	0.4862	0.9723	0.1827	1.752	0.5426	1.373	0.9375	0.2139	21	0.2763	0.1172	0.00742	20	0.2445	0.09253	0.005847	19	0.2862	0.1432	0.02686
0	78	Base	0.9541	0.016	0.24	0.76	0	0	0	0	13.07	0.01577	0.01123	0.285	0.151	-0.0004285	0.145	0.01493	-0.1728	0.01685	0.0226	0.3495	0.1424	0.0003365	0.2801	0.01576	0.1456	0.07823	0.091	0.3091	0.2964	-0.07155	1	-0.03891	0.3792	0.1089	1.597	0.2455	0.4537	0.9914	0.1084	1.84	0.2477	0.4862	0.9706	0.1823	1.755	0.5426	1.373	0.9541	0.2142	21	0.2763	0.1172	0.00742	20	0.2445	0.09253	0.005847	19	0.2862	0.1432	0.02686
0	79	Base	0.9556	0.0112	0.2	0.8	0	0	0	0	12.76	0.01617	0.01118	0.2861	0.1523	0.0007474	0.06569	0.01527	-0.2283	0.01765	0.02265	0.3514	0.1432	0.0001424	0.1831	0.01674	-0.1523	0.07769	0.08876	0.3105	0.3004	-0.07212	1	-0.03922	0.7359	0.11	1.612	0.2459	0.4984	0.992	0.1093	1.859	0.2535	0.5812	0.9725	0.1817	1.779	0.5165	1.337	0.9556	0.2146	21	0.2763	0.1172	0.00742	20	0.2445	0.09253	0.005847	19	0.2862	0.1432	0.02686
0	80	Base	0.9452	0.0208	0.32	0.68	0	0	0	0	12.6	0.01586	0.01082	0.2874	0.1515	-0.0003185	-0.1126	0.01497	0.01532	0.01739	0.02308	0.3529	0.1439	0.0002514	-0.3717	0.0159	-0.06367	0.07798	0.09259	0.311	0.3005	-0.07261	1	-0.03938	0.2042	0.1094	1.621	0.2459	0.4984	0.9924	0.1102	1.863	0.2535	0.5812	0.972	0.182	1.779	0.5165	1.337	0.9452	0.2144	22	0.2811	0.1137	0.007668	21	0.2623	0.08989	0.005639	19	0.2768	0.1454	0.02643
0	81	Base	0.9621	0.008	0.16	0.84	0	0	0	0	12.66	0.01604	0.01084	0.2875	0.1517	-0.000336	0.3225	0.01512	-0.08398	0.0173	0.02206	0.3535	0.1445	-0.0004773	0.3103	0.01604	0.08325	0.07742	0.09041	0.311	0.3005	-0.07809	1	-0.0394	0.274	0.1093	1.635	0.2459	0.4984	0.992	0.1095	1.859	0.2535	0.5812	0.9732	0.1826	1.787	0.5165	1.337	0.9621	0.214	22	0.2811	0.1137	0.007668	21	0.2623	0.08989	0.005639	19	0.2768	0.1454	0.02643
0	82	Base	0.9545	0.0128	0.24	0.76	0	0	0	0	12.66	0.01609	0.01085	0.2878	0.1519	-0.0007692	0.3923	0.0152	-0.4501	0.01728	0.02271	0.3549	0.1448	0.001127	-0.0826	0.01601	-0.1873	0.07758	0.09184	0.3113	0.3024	-0.07671	1	-0.03943	0.2746	0.1095	1.62	0.2459	0.4984	0.9928	0.1106	1.862	0.2535	0.5812	0.9724	0.1822	1.773	0.5165	1.337	0.9545	0.214	22	0.2811	0.1137	0.007668	21	0.2623	0.08989	0.005639	19	0.2768	0.1454	0.02643
0	83	Base	0.9561	0.0064	0.12	0.88	0	0	0	0	12.7	0.01585	0.01028	0.2882	0.1528	-0.0008007	0.1143	0.01507	-0.09523	0.01752	0.02169	0.3564	0.1443	-0.001056	-0.2677	0.01638	0.1377	0.07831	0.08979	0.3116	0.3008	-0.07598	1	-0.04025	0.1436	0.1099	1.625	0.2443	0.4025	0.9934	0.1096	1.882	0.2457	0.4122	0.9751	0.1828	1.774	0.5056	1.362	0.9561	0.2139	22	0.2811	0.1137	0.007668	21	0.2623	0.08989	0.005639	19	0.2768	0.1454	0.02643
0	84	Base	0.9645	0.008	0.12	0.88	0	0	0	0	12.89	0.01612	0.01058	0.2886	0.1518	-0.0005174	0.04654	0.01532	0.01667	0.01729	0.0224	0.3569	0.1434	0.0005063	0.2154	0.01626	0.2224	0.07567	0.08765	0.3078	0.3016	-0.07535	1	-0.03879	0.395	0.1091	1.627	0.2443	0.4025	0.9927	0.1089	1.87	0.2457	0.4122	0.9739	0.1822	1.765	0.5056	1.362	0.9645	0.2139	22	0.2811	0.1137	0.007668	21	0.2623	0.08989	0.005639	19	0.2768	0.1454	0.02643
0	85	Base	0.9623	0.0096	0.16	0.84	0	0	0	0	13.14	0.0156	0.01149	0.2885	0.1516	-0.000669	0.3395	0.0148	-0.3266	0.01728	0.02369	0.3567	0.143	5.176e-05	0.1531	0.01602	-0.1404	0.07659	0.08565	0.3071	0.3009	-0.07393	1	-0.03878	0.5769	0.1094	1.631	0.2443	0.4025	0.9916	0.1092	1.885	0.2457	0.4122	0.9688	0.1825	1.755	0.5056	1.362	0.9623	0.2138	22	0.2763	0.1174	0.007669	21	0.2592	0.09112	0.005927	19	0.2931	0.1501	0.0294
0	86	Base	0.9514	0.0128	0.2	0.8	0	0	0	0	12.86	0.01578	0.0108	0.2898	0.1517	-0.000377	0.1397	0.01508	0.1686	0.01749	0.02125	0.3567	0.1446	-0.001003	0.2908	0.01638	0.287	0.07753	0.08914	0.3109	0.3033	-0.07515	1	-0.03974	0.5288	0.1094	1.644	0.2443	0.4025	0.9927	0.1098	1.897	0.2457	0.4122	0.9753	0.1818	1.758	0.5056	1.362	0.9514	0.2138	22	0.2763	0.1174	0.007669	21	0.2592	0.09112	0.005927	19	0.2931	0.1501	0.0294
0	87	Base	0.9543	0.0128	0.24	0.76	0	0	0	0	12.6	0.01601	0.01114	0.2902	0.1524	-0.001026	0.3194	0.0152	-0.3784	0.01769	0.02243	0.3582	0.1447	-0.0002775	0.2081	0.01636	-0.5006	0.07753	0.08919	0.3094	0.2983	-0.07131	1	-0.03928	0.3345	0.11	1.638	0.2435	0.4429	0.9922	0.1096	1.905	0.245	0.5446	0.9708	0.1819	1.755	0.509	1.398	0.9543	0.2142	22	0.2763	0.1174	0.007669	21	0.2592	0.09112	0.005927	19	0.2931	0.1501	0.0294
0	88	Base	0.9537	0.0128	0.24	0.76	0	0	0	0	12.62	0.01613	0.01033	0.2896	0.1507	-0.0005454	0.4785	0.01546	-0.2163	0.01743	0.02055	0.3568	0.144	-0.0002061	-0.1924	0.01655	0.01966	0.07591	0.08997	0.3069	0.3031	-0.07519	1	-0.03817	0.5933	0.108	1.658	0.2435	0.4429	0.9929	0.1085	1.91	0.245	0.5446	0.9767	0.1821	1.752	0.509	1.398	0.9537	0.2132	22	0.2763	0.1174	0.007669	21	0.2592	0.09112	0.005927	19	0.2931	0.1501	0.0294
0	89	Base	0.9518	0.0144	0.2	0.8	0	0	0	0	12.62	0.01625	0.01088	0.2914	0.1516	-0.0007406	0.01534	0.0155	-0.1513	0.01769	0.02214	0.3592	0.1455	0.0005923	-0.1273	0.01635	0.06212	0.07802	0.09285	0.3106	0.3031	-0.07697	1	-0.03949	0.2894	0.1092	1.638	0.2435	0.4429	0.9921	0.1108	1.893	0.245	0.5446	0.9761	0.1819	1.761	0.509	1.398	0.9518	0.2133	22	0.2763	0.1174	0.007669	21	0.2592	0.09112	0.005927	19	0.2931	0.1501	0.0294
0	90	Base	0.9678	0.0048	0.12	0.88	0	0	0	0	12.85	0.01632	0.01191	0.2925	0.1528	-0.0005376	0.33	0.0153	-0.3911	0.01814	0.02348	0.3612	0.1455	5.062e-06	-0.2648	0.01679	0.06874	0.07715	0.08475	0.3104	0.3035	-0.07614	1	-0.03957	-0.01605	0.1101	1.64	0.2435	0.4429	0.9909	0.1108	1.905	0.245	0.5446	0.9714	0.1824	1.767	0.509	1.398	0.9678	0.2139	22	0.2792	0.1182	0.007684	20	0.2692	0.09231	0.006061	19	0.297	0.147	0.0281
0	91	Base	0.9503	0.0112	0.16	0.84	0	0	0	0	12.72	0.01653	0.01093	0.2931	0.1537	-0.0004156	0.4523	0.0157	-0.3901	0.01807	0.02207	0.3631	0.1463	-0.0006206	0.2377	0.01693	-0.3017	0.07718	0.0901	0.3097	0.3003	-0.07412	1	-0.03928	0.6584	0.1103	1.662	0.2439	0.4414	0.9922	0.1112	1.915	0.2454	0.5424	0.976	0.1816	1.775	0.5089	1.347	0.9503	0.2142	22	0.2792	0.1182	0.007684	20	0.2692	0.09231	0.006061	19	0.297	0.147	0.0281
0	92	Base	0.9557	0.0112	0.24	0.76	0	0	0	0	12.85	0.01661	0.01044	0.295	0.1528	-0.0005485	0.04077	0.01584	-0.1634	0.01813	0.02027	0.3632	0.1484	-0.0001129	0.0626	0.01698	-0.09215	0.07802	0.0915	0.3115	0.3023	-0.0758	1	-0.03905	0.2445	0.1102	1.665	0.2439	0.4414	0.9931	0.1123	1.911	0.2454	0.5424	0.9801	0.1825	1.774	0.5089	1.347	0.9557	0.2141	22	0.2792	0.1182	0.007684	20	0.2692	0.09231	0.006061	19	0.297	0.147	0.0281
0	93	Base	0.952	0.0144	0.28	0.72	0	0	0	0	12.81	0.0166	0.0112	0.2952	0.1536	0.000149	0.3153	0.0158	-0.1724	0.01816	0.02234	0.3649	0.1466	0.0001822	-0.09204	0.01718	0.02679	0.07648	0.08928	0.3093	0.3008	-0.07067	1	-0.03908	0.3579	0.1104	1.676	0.2439	0.4414	0.9915	0.1109	1.929	0.2454	0.5424	0.9745	0.182	1.782	0.5089	1.347	0.952	0.2142	22	0.2792	0.1182	0.007684	20	0.2692	0.09231	0.006061	19	0.297	0.147	0.0281
0	94	Base	0.951	0.0144	0.2	0.8	0	0	0	0	12.8	0.01657	0.01115	0.295	0.1537	0.0004473	0.2387	0.01578	-0.1698	0.01845	0.02281	0.3648	0.1473	0.001663	0.5637	0.01717	-0.1624	0.0773	0.09065	0.3079	0.2989	-0.07391	1	-0.03862	0.2832	0.1108	1.655	0.2439	0.4414	0.9926	0.112	1.935	0.2454	0.5424	0.971	0.1821	1.735	0.5089	1.347	0.951	0.214	22	0.2792	0.1182	0.007684	20	0.2692	0.09231	0.006061	19	0.297	0.147	0.0281
0	95	Base	0.97	0.0048	0.12	0.88	0	0	0	0	12.71	0.01646	0.01118	0.2952	0.1537	-0.0007785	0.1166	0.01549	-0.2941	0.0183	0.02302	0.3657	0.1466	-0.000724	-0.2119	0.01682	-0.115	0.07607	0.08527	0.3088	0.2998	-0.07624	1	-0.03928	0.36	0.1107	1.664	0.2429	0.4991	0.9918	0.1117	1.931	0.2435	0.5655	0.9719	0.1816	1.754	0.5244	1.386	0.97	0.2139	22	0.2854	0.1204	0.007735	21	0.2699	0.0972	0.005737	18	0.2914	0.1436	0.02815
0	96	Base	0.9672	0.0048	0.12	0.88	0	0	0	0	12.61	0.0167	0.01006	0.2973	0.1534	-0.001102	0.3748	0.01593	-0.004548	0.01798	0.02099	0.3679	0.149	0.0006199	-0.06586	0.01686	0.05061	0.07734	0.08607	0.3127	0.3027	-0.07715	1	-0.03964	0.1297	0.11	1.681	0.2429	0.4991	0.9932	0.1124	1.963	0.2435	0.5655	0.9766	0.1815	1.781	0.5244	1.386	0.9672	0.2138	22	0.2854	0.1204	0.007735	21	0.2699	0.0972	0.005737	18	0.2914	0.1436	0.02815
0	97	Base	0.9529	0.0128	0.2	0.8	0	0	0	0	12.66	0.01636	0.01013	0.2978	0.1538	6.266e-05	0.1817	0.01555	-0.1909	0.01817	0.02127	0.3682	0.1482	-0.0007974	0.003313	0.01701	0.03555	0.07787	0.0926	0.312	0.3028	-0.07837	1	-0.04007	0.3114	0.1104	1.681	0.2429	0.4991	0.9922	0.1119	1.949	0.2435	0.5655	0.975	0.1824	1.782	0.5244	1.386	0.9529	0.2137	22	0.2854	0.1204	0.007735	21	0.2699	0.0972	0.005737	18	0.2914	0.1436	0.02815
0	98	Base	0.9586	0.0096	0.2	0.8	0	0	0	0	12.64	0.01674	0.009922	0.2977	0.1545	-0.0005922	0.2035	0.01597	-0.2578	0.01861	0.02063	0.3699	0.1486	-0.0009974	0.08335	0.01753	0.03984	0.07799	0.08574	0.3112	0.3031	-0.07421	1	-0.03935	0.3071	0.111	1.698	0.2429	0.4991	0.9942	0.1126	1.974	0.2435	0.5655	0.9795	0.1824	1.785	0.5244	1.386	0.9586	0.2137	22	0.2854	0.1204	0.007735	21	0.2699	0.0972	0.005737	18	0.2914	0.1436	0.02815
0	99	Base	0.9632	0.008	0.16	0.84	0	0	0	0	12.73	0.01648	0.01081	0.2981	0.1542	-0.0004486	0.4874	0.01572	-0.4303	0.01833	0.02163	0.3694	0.1488	-0.001077	0.06477	0.01723	-0.1525	0.07718	0.08838	0.3119	0.304	-0.07744	1	-0.03959	0.2915	0.1107	1.692	0.2428	0.4664	0.9922	0.1125	1.988	0.2429	0.4624	0.9751	0.182	1.794	0.5072	1.366	0.9632	0.2137	22	0.2854	0.1204	0.007735	21	0.2699	0.0972	0.005737	18	0.2914	0.1436	0.02815
0	100	Base	0.9556	0.0128	0.28	0.72	0	0	0	0	12.79	0.01684	0.01125	0.2994	0.1542	3.602e-05	0.5529	0.01595	-0.1618	0.01879	0.02357	0.3708	0.1483	0.00107	0.1242	0.01749	0.1085	0.07643	0.08676	0.3074	0.2983	-0.07006	1	-0.03817	0.2676	0.1111	1.686	0.2428	0.4664	0.9915	0.1124	1.973	0.2429	0.4624	0.969	0.1817	1.758	0.5072	1.366	0.9556	0.2139	22	0.2928	0.1198	0.007752	21	0.2763	0.09864	0.005806	20	0.2938	0.1345	0.02805
0	101	Base	0.9711	0	0	1	0	0	0	0	12.62	0.01674	0.01036	0.2998	0.155	7.074e-05	0.06506	0.01605	-0.4997	0.01856	0.02134	0.373	0.1493	0.0008679	-0.3034	0.01751	-0.475	0.07601	0.08347	0.3092	0.3038	-0.07714	1	-0.03895	0.4425	0.1112	1.695	0.2428	0.4664	0.9935	0.1127	1.987	0.2429	0.4624	0.9769	0.1824	1.765	0.5072	1.366	0.9711	0.2137	22	0.2928	0.1198	0.007752	21	0.2763	0.09864	0.005806	20	0.2938	0.1345	0.02805
0	102	Base	0.9613	0.0064	0.12	0.88	0	0	0	0	12.65	0.01667	0.01077	0.2998	0.1541	-0.00116	0.3079	0.01591	-0.0389	0.01815	0.0219	0.3721	0.1491	-0.000724	0.1377	0.01707	-0.006795	0.07742	0.08828	0.3094	0.3032	-0.07661	1	-0.03884	0.4154	0.1111	1.706	0.2428	0.4664	0.9923	0.1129	2.013	0.2429	0.4624	0.9742	0.1816	1.77	0.5072	1.366	0.9613	0.2142	22	0.2928	0.1198	0.007752	21	0.2763	0.09864	0.005806	20	0.2938	0.1345	0.02805
0	103	Base	0.9688	0.0032	0.08	0.92	0	0	0	0	12.61	0.01694	0.01056	0.301	0.1549	2.739e-05	0.1678	0.01603	-0.1455	0.01906	0.02308	0.3725	0.1498	0.0008264	-0.02662	0.01781	0.01016	0.07595	0.08722	0.3095	0.3018	-0.07768	1	-0.03895	0.1868	0.1113	1.702	0.2424	0.4817	0.9935	0.1141	1.989	0.2422	0.4801	0.9745	0.1814	1.774	0.5034	1.274	0.9688	0.2143	22	0.2928	0.1198	0.007752	21	0.2763	0.09864	0.005806	20	0.2938	0.1345	0.02805
0	104	Base	0.9595	0.0112	0.24	0.76	0	0	0	0	12.65	0.017	0.01169	0.3014	0.1545	-0.0004269	0.1062	0.01613	-0.3065	0.01892	0.02273	0.3738	0.1489	-0.0004141	0.1012	0.01763	-0.1821	0.07726	0.08827	0.3071	0.3	-0.07392	1	-0.03816	0.6235	0.1112	1.709	0.2424	0.4817	0.9904	0.1126	1.974	0.2422	0.4801	0.9714	0.1824	1.76	0.5034	1.274	0.9595	0.2142	22	0.2928	0.1198	0.007752	21	0.2763	0.09864	0.005806	20	0.2938	0.1345	0.02805
0	105	Base	0.9644	0.0064	0.12	0.88	0	0	0	0	12.7	0.01731	0.0107	0.3029	0.1548	-0.001102	0.1553	0.01647	0.1211	0.01875	0.02357	0.3759	0.1507	0.001379	0.116	0.01749	0.03298	0.0774	0.08427	0.3109	0.302	-0.07181	1	-0.03891	0.5241	0.1114	1.707	0.2424	0.4817	0.9923	0.1144	1.978	0.2422	0.4801	0.9722	0.1822	1.753	0.5034	1.274	0.9644	0.2145	22	0.3058	0.1207	0.007543	21	0.2879	0.0979	0.005707	18	0.3077	0.1416	0.02586
0	106	Base	0.9592	0.0112	0.24	0.76	0	0	0	0	12.64	0.01718	0.01011	0.3027	0.1552	-0.0008427	0.3069	0.01626	0.04209	0.0192	0.02201	0.3759	0.1501	0.00102	0.02269	0.01794	-0.1066	0.07689	0.08603	0.3109	0.3023	-0.07217	1	-0.03951	0.3912	0.1114	1.704	0.2424	0.4817	0.9937	0.1136	2.001	0.2422	0.4801	0.9769	0.1814	1.756	0.5034	1.274	0.9592	0.2144	22	0.3058	0.1207	0.007543	21	0.2879	0.0979	0.005707	18	0.3077	0.1416	0.02586
0	107	Base	0.97	0.0048	0.12	0.88	0	0	0	0	12.67	0.01719	0.0105	0.3027	0.1554	-0.0005405	0.107	0.01621	-0.1655	0.01898	0.02191	0.3766	0.1501	-0.0007144	0.1781	0.01751	-0.2309	0.0769	0.08435	0.3112	0.3026	-0.07594	1	-0.03961	0.4607	0.1116	1.701	0.2441	0.5706	0.993	0.1139	1.993	0.242	0.5146	0.9783	0.1819	1.784	0.5108	1.317	0.97	0.2144	22	0.3058	0.1207	0.007543	21	0.2879	0.0979	0.005707	18	0.3077	0.1416	0.02586
0	108	Base	0.9587	0.0128	0.2	0.8	0	0	0	0	12.63	0.01723	0.01153	0.3038	0.1545	-0.0004017	0.3349	0.01646	-0.09049	0.0192	0.02288	0.3763	0.1499	0.0006107	0.255	0.01771	-0.03777	0.07765	0.08921	0.3092	0.3011	-0.07508	1	-0.03873	0.8044	0.1114	1.709	0.2441	0.5706	0.9912	0.1141	1.98	0.242	0.5146	0.9725	0.1821	1.761	0.5108	1.317	0.9587	0.2143	22	0.3058	0.1207	0.007543	21	0.2879	0.0979	0.005707	18	0.3077	0.1416	0.02586
0	109	Base	0.9621	0.0064	0.12	0.88	0	0	0	0	12.6	0.01742	0.01003	0.3043	0.1561	-0.0003823	0.1796	0.01646	0.1342	0.01937	0.0204	0.3793	0.1504	-0.0004902	0.4634	0.01838	-0.003149	0.07722	0.08905	0.3094	0.3017	-0.07608	1	-0.03861	0.5317	0.1117	1.728	0.2441	0.5706	0.9935	0.1129	2.016	0.242	0.5146	0.9787	0.1825	1.78	0.5108	1.317	0.9621	0.2141	22	0.3058	0.1207	0.007543	21	0.2879	0.0979	0.005707	18	0.3077	0.1416	0.02586
0	110	Base	0.9626	0.008	0.16	0.84	0	0	0	0	12.69	0.0176	0.01215	0.3038	0.1546	-1.506e-05	0.1806	0.01689	-0.165	0.01933	0.02218	0.3756	0.1502	-0.0001954	-0.2015	0.01827	-0.05272	0.07708	0.08609	0.3088	0.3034	-0.07515	1	-0.03827	0.3584	0.1118	1.718	0.2441	0.5706	0.9905	0.1135	2.011	0.242	0.5146	0.975	0.1821	1.772	0.5108	1.317	0.9626	0.2143	22	0.3011	0.1168	0.007684	21	0.297	0.09563	0.006043	19	0.2968	0.1495	0.02828
0	111	Base	0.9743	0.0016	0.04	0.96	0	0	0	0	12.69	0.01709	0.01126	0.3042	0.1545	-0.0003156	0.2814	0.01619	-0.1201	0.0186	0.02241	0.3774	0.1509	-8.567e-05	-0.06869	0.01736	-0.08931	0.07671	0.08246	0.3104	0.3029	-0.0763	1	-0.03867	0.09442	0.1113	1.733	0.2514	0.5838	0.9925	0.1148	1.993	0.2435	0.6226	0.9761	0.1816	1.774	0.5004	1.306	0.9743	0.2135	22	0.3011	0.1168	0.007684	21	0.297	0.09563	0.006043	19	0.2968	0.1495	0.02828
0	112	Base	0.9695	0.0016	0.04	0.96	0	0	0	0	12.79	0.01702	0.01064	0.3056	0.1549	-0.0005234	0.1985	0.01626	-0.2078	0.01923	0.02212	0.3788	0.15	-3.224e-05	0.2693	0.01805	-0.08639	0.07699	0.08445	0.3074	0.3003	-0.07329	1	-0.0383	0.342	0.1116	1.722	0.2514	0.5838	0.9923	0.1137	2.003	0.2435	0.6226	0.9751	0.1827	1.754	0.5004	1.306	0.9695	0.2139	22	0.3011	0.1168	0.007684	21	0.297	0.09563	0.006043	19	0.2968	0.1495	0.02828
0	113	Base	0.9601	0.008	0.16	0.84	0	0	0	0	12.72	0.0173	0.01115	0.3057	0.1547	-6.424e-05	0.2113	0.01648	-0.2965	0.01841	0.0222	0.3795	0.1504	0.001724	-0.2344	0.01723	-0.1364	0.0765	0.0826	0.3077	0.2976	-0.07039	1	-0.0383	0.4557	0.1113	1.728	0.2514	0.5838	0.9921	0.1142	2.017	0.2435	0.6226	0.9768	0.1815	1.759	0.5004	1.306	0.9601	0.2138	22	0.3011	0.1168	0.007684	21	0.297	0.09563	0.006043	19	0.2968	0.1495	0.02828
0	114	Base	0.9652	0.0048	0.12	0.88	0	0	0	0	12.62	0.01749	0.01065	0.3059	0.1552	-0.0007054	0.5474	0.01673	-0.2387	0.01946	0.02065	0.3803	0.1507	0.0001128	-0.2079	0.01836	0.06422	0.07548	0.08314	0.3082	0.3019	-0.07099	1	-0.03866	0.2406	0.1117	1.73	0.2514	0.5838	0.9931	0.1139	2.038	0.2435	0.6226	0.9802	0.1822	1.761	0.5004	1.306	0.9652	0.2141	22	0.3011	0.1168	0.007684	21	0.297	0.09563	0.006043	19	0.2968	0.1495	0.02828
0	115	Base	0.9578	0.008	0.16	0.84	0	0	0	0	12.74	0.0172	0.01123	0.3063	0.1552	-0.0008666	0.2609	0.01651	-0.08944	0.01909	0.02264	0.3803	0.1512	-7.215e-05	0.09007	0.01784	0.07421	0.07766	0.08567	0.3083	0.2994	-0.07071	1	-0.0382	0.06927	0.1115	1.735	0.2417	0.6156	0.9918	0.1143	2.026	0.2421	0.4371	0.9748	0.1829	1.757	0.5053	1.294	0.9578	0.2138	22	0.2975	0.1195	0.007829	21	0.2917	0.09137	0.005882	18	0.2809	0.1429	0.02862
0	116	Base	0.9551	0.016	0.2	0.8	0	0	0	0	12.65	0.01702	0.01084	0.3059	0.1545	-0.0004838	-0.07873	0.01632	-0.3116	0.01891	0.02269	0.3806	0.1487	-7.912e-05	0.1756	0.01769	-0.3118	0.07515	0.08887	0.3048	0.2996	-0.07382	1	-0.03798	0.4368	0.1109	1.729	0.2417	0.6156	0.9924	0.113	2.012	0.2421	0.4371	0.9741	0.1818	1.764	0.5053	1.294	0.9551	0.2138	22	0.2975	0.1195	0.007829	21	0.2917	0.09137	0.005882	18	0.2809	0.1429	0.02862
0	117	Base	0.9589	0.0144	0.24	0.76	0	0	0	0	12.63	0.01766	0.01109	0.3068	0.155	-1.542e-05	0.1219	0.01695	-0.3991	0.01996	0.02337	0.3807	0.1513	0.002091	-0.04948	0.01881	-0.1117	0.07699	0.08644	0.306	0.2996	-0.07219	1	-0.037	0.1967	0.1118	1.727	0.2417	0.6156	0.9927	0.1151	2.007	0.2421	0.4371	0.971	0.1825	1.751	0.5053	1.294	0.9589	0.2139	22	0.2975	0.1195	0.007829	21	0.2917	0.09137	0.005882	18	0.2809	0.1429	0.02862
0	118	Base	0.9595	0.0112	0.24	0.76	0	0	0	0	12.62	0.01729	0.01064	0.3073	0.1559	-0.0006245	-0.04396	0.01642	-0.1553	0.01971	0.02124	0.3836	0.1503	-0.0007711	0.426	0.01829	-0.1547	0.07648	0.08638	0.3078	0.303	-0.0737	1	-0.03862	0.468	0.112	1.735	0.2417	0.6156	0.9933	0.1139	2.01	0.2421	0.4371	0.9778	0.1818	1.754	0.5053	1.294	0.9595	0.2139	22	0.2975	0.1195	0.007829	21	0.2917	0.09137	0.005882	18	0.2809	0.1429	0.02862
0	119	Base	0.9598	0.008	0.08	0.92	0	0	0	0	12.7	0.01721	0.01065	0.308	0.1556	-0.0003875	-0.02272	0.01652	0.1262	0.01928	0.02096	0.3828	0.1514	-0.0005636	0.285	0.01829	0.1218	0.07548	0.08816	0.3089	0.3013	-0.07795	1	-0.03886	0.03411	0.1122	1.739	0.2414	0.4853	0.9933	0.1139	2.024	0.2438	0.5027	0.9761	0.1814	1.752	0.4679	1.317	0.9598	0.214	22	0.2975	0.1195	0.007829	21	0.2917	0.09137	0.005882	18	0.2809	0.1429	0.02862
0	120	Base	0.9668	0.0032	0.08	0.92	0	0	0	0	12.73	0.0173	0.01037	0.3097	0.1557	-0.0004949	0.2798	0.0166	-0.4245	0.01898	0.02151	0.3862	0.1513	-5.633e-05	-0.2165	0.01775	-0.2648	0.07591	0.08491	0.3091	0.3016	-0.07356	1	-0.03881	0.3021	0.112	1.74	0.2414	0.4853	0.9935	0.1143	2.027	0.2438	0.5027	0.9774	0.1819	1.762	0.4679	1.317	0.9668	0.2142	23	0.3019	0.1197	0.008164	21	0.2922	0.09548	0.006377	19	0.289	0.1498	0.03003
0	121	Base	0.9712	0.0032	0.08	0.92	0	0	0	0	12.65	0.01762	0.01101	0.3099	0.1559	-0.0003212	0.0007348	0.01686	-0.07208	0.0199	0.02277	0.3855	0.1516	-0.0001927	-0.03533	0.01878	-0.0717	0.07505	0.08176	0.3098	0.3043	-0.07384	1	-0.03898	0.09894	0.1122	1.751	0.2414	0.4853	0.9919	0.1151	2.021	0.2438	0.5027	0.9754	0.1817	1.789	0.4679	1.317	0.9712	0.2144	23	0.3019	0.1197	0.008164	21	0.2922	0.09548	0.006377	19	0.289	0.1498	0.03003
0	122	Base	0.9617	0.0064	0.16	0.84	0	0	0	0	12.68	0.01736	0.01061	0.3094	0.1548	-0.0005033	0.2606	0.01674	0.06463	0.01914	0.02238	0.3839	0.1519	0.0004819	-0.06028	0.01814	0.2211	0.07783	0.08651	0.3095	0.3005	-0.074	1	-0.03877	0.3355	0.1115	1.736	0.2414	0.4853	0.9932	0.1149	2.03	0.2438	0.5027	0.975	0.1828	1.763	0.4679	1.317	0.9617	0.2139	23	0.3019	0.1197	0.008164	21	0.2922	0.09548	0.006377	19	0.289	0.1498	0.03003
0	123	Base	0.9664	0.0064	0.12	0.88	0	0	0	0	12.73	0.01728	0.01035	0.31	0.1558	0.0003185	0.2686	0.01661	-0.2136	0.01949	0.02055	0.3863	0.1516	0.0009283	0.3689	0.01843	-0.06994	0.07653	0.08359	0.3085	0.3015	-0.0762	1	-0.03848	0.368	0.112	1.752	0.2434	0.4308	0.9934	0.1142	2.033	0.2407	0.4728	0.9785	0.182	1.742	0.5135	1.324	0.9664	0.2139	23	0.3019	0.1197	0.008164	21	0.2922	0.09548	0.006377	19	0.289	0.1498	0.03003
0	124	Base	0.9597	0.0096	0.2	0.8	0	0	0	0	12.65	0.01789	0.01183	0.3112	0.1552	-0.0008507	0.1958	0.01713	-0.2428	0.01985	0.02363	0.3864	0.1515	0.001213	0.3527	0.01859	-0.3833	0.0765	0.08757	0.3065	0.3001	-0.07428	1	-0.03774	0.538	0.1118	1.742	0.2434	0.4308	0.9911	0.1146	2.032	0.2407	0.4728	0.9714	0.1823	1.733	0.5135	1.324	0.9597	0.2145	23	0.3019	0.1197	0.008164	21	0.2922	0.09548	0.006377	19	0.289	0.1498	0.03003
0	125	Base	0.9605	0.0048	0.08	0.92	0	0	0	0	12.71	0.01766	0.01091	0.3113	0.1561	1.327e-05	0.2748	0.01695	-0.38	0.01998	0.02176	0.3882	0.1521	-6.785e-06	0.3314	0.0189	-0.4118	0.07706	0.087	0.3086	0.301	-0.07563	1	-0.03828	0.4729	0.1121	1.745	0.2434	0.4308	0.9924	0.1148	2.047	0.2407	0.4728	0.9767	0.182	1.762	0.5135	1.324	0.9605	0.2141	22	0.2999	0.1243	0.008021	22	0.2915	0.1052	0.006177	19	0.2936	0.1473	0.02927
0	126	Base	0.9622	0.0064	0.08	0.92	0	0	0	0	12.84	0.0174	0.01123	0.3101	0.155	0.0005939	0.06724	0.01674	0.3477	0.01972	0.02199	0.3852	0.1511	0.001255	0.4086	0.01893	0.1716	0.07658	0.08605	0.3068	0.302	-0.07579	1	-0.03827	0.04769	0.1116	1.741	0.2434	0.4308	0.9918	0.1147	2.041	0.2407	0.4728	0.9761	0.1826	1.774	0.5135	1.324	0.9622	0.2134	22	0.2999	0.1243	0.008021	22	0.2915	0.1052	0.006177	19	0.2936	0.1473	0.02927
0	127	Base	0.9685	0.0064	0.16	0.84	0	0	0	0	12.77	0.01768	0.01094	0.3113	0.1553	-0.001352	0.4491	0.01709	-0.1947	0.01905	0.02235	0.388	0.1523	0.001029	0.4088	0.01788	0.1082	0.07611	0.0821	0.3081	0.299	-0.07231	1	-0.03795	0.2371	0.1114	1.749	0.241	0.5007	0.992	0.115	2.056	0.2468	0.5847	0.9722	0.1813	1.772	0.5149	1.357	0.9685	0.2138	22	0.2999	0.1243	0.008021	22	0.2915	0.1052	0.006177	19	0.2936	0.1473	0.02927
0	128	Base	0.9588	0.0144	0.24	0.76	0	0	0	0	12.76	0.01795	0.0116	0.3134	0.1562	-8.959e-05	0.0362	0.01722	-0.2709	0.02008	0.02217	0.3911	0.1527	0.0009432	0.06746	0.01884	-0.329	0.07647	0.08785	0.3087	0.3016	-0.07563	1	-0.0382	0.2973	0.1128	1.747	0.241	0.5007	0.9923	0.1153	2.071	0.2468	0.5847	0.9765	0.1814	1.772	0.5149	1.357	0.9588	0.2142	22	0.2999	0.1243	0.008021	22	0.2915	0.1052	0.006177	19	0.2936	0.1473	0.02927
0	129	Base	0.9683	0.0048	0.08	0.92	0	0	0	0	12.71	0.01713	0.009948	0.3128	0.1564	0.000229	0.007945	0.01653	-0.1002	0.01958	0.02068	0.3916	0.1518	4.796e-05	0.2611	0.01869	-0.1563	0.07486	0.08306	0.3079	0.3026	-0.07356	1	-0.03842	0.5665	0.1122	1.757	0.241	0.5007	0.994	0.1142	2.079	0.2468	0.5847	0.9779	0.1815	1.768	0.5149	1.357	0.9683	0.2137	22	0.2999	0.1243	0.008021	22	0.2915	0.1052	0.006177	19	0.2936	0.1473	0.02927
0	130	Base	0.9619	0.0064	0.16	0.84	0	0	0	0	12.79	0.0176	0.01115	0.3127	0.1552	-0.0008914	0.5273	0.01688	-0.3323	0.01945	0.02258	0.3896	0.1513	3.091e-05	-0.05326	0.01827	0.1018	0.07632	0.08687	0.3078	0.3037	-0.07663	1	-0.0385	0.1877	0.1119	1.766	0.241	0.5007	0.9929	0.1144	2.076	0.2468	0.5847	0.9781	0.1819	1.768	0.5149	1.357	0.9619	0.2138	22	0.2965	0.1219	0.008263	21	0.2925	0.09825	0.006285	19	0.3017	0.1464	0.02836
0	131	Base	0.9448	0.016	0.16	0.84	0	0	0	0	12.71	0.01811	0.01052	0.3129	0.1561	0.0002535	0.4658	0.01754	-0.2271	0.02045	0.02108	0.3897	0.1527	0.001732	0.2897	0.01958	0.07888	0.07698	0.08985	0.3073	0.3003	-0.07095	1	-0.03769	0.3363	0.1125	1.759	0.2423	0.5342	0.9932	0.1149	2.08	0.2418	0.4898	0.9748	0.1822	1.762	0.5166	1.318	0.9448	0.214	22	0.2965	0.1219	0.008263	21	0.2925	0.09825	0.006285	19	0.3017	0.1464	0.02836
0	132	Base	0.9669	0.0064	0.16	0.84	0	0	0	0	12.71	0.01777	0.01071	0.3144	0.1553	-2.74e-05	0.346	0.01716	-0.3178	0.02019	0.02199	0.3908	0.1524	0.0001386	0.3704	0.01901	-0.1512	0.07642	0.08343	0.3072	0.3004	-0.07228	1	-0.03802	0.4593	0.1117	1.761	0.2423	0.5342	0.993	0.1151	2.073	0.2418	0.4898	0.9775	0.1816	1.755	0.5166	1.318	0.9669	0.2136	22	0.2965	0.1219	0.008263	21	0.2925	0.09825	0.006285	19	0.3017	0.1464	0.02836
0	133	Base	0.9623	0.008	0.12	0.88	0	0	0	0	12.71	0.01828	0.01082	0.3151	0.156	-0.001041	-0.1952	0.0176	-0.07539	0.02009	0.02255	0.3927	0.1539	0.001955	0.205	0.01872	-0.1327	0.07677	0.08442	0.3087	0.3011	-0.07318	1	-0.03797	0.4219	0.112	1.775	0.2423	0.5342	0.9928	0.1169	2.081	0.2418	0.4898	0.9746	0.1824	1.77	0.5166	1.318	0.9623	0.2137	22	0.2965	0.1219	0.008263	21	0.2925	0.09825	0.006285	19	0.3017	0.1464	0.02836
0	134	Base	0.9648	0.0064	0.12	0.88	0	0	0	0	12.67	0.01837	0.009966	0.3152	0.1566	-0.001466	0.081	0.01757	-0.3959	0.01987	0.0212	0.394	0.1529	0.00123	0.01376	0.01877	-0.2282	0.07658	0.08428	0.3066	0.2996	-0.07308	1	-0.03754	0.5357	0.1123	1.782	0.2423	0.5342	0.9944	0.1154	2.093	0.2418	0.4898	0.9797	0.1816	1.777	0.5166	1.318	0.9648	0.2143	22	0.2965	0.1219	0.008263	21	0.2925	0.09825	0.006285	19	0.3017	0.1464	0.02836
0	135	Base	0.969	0.0064	0.16	0.84	0	0	0	0	12.76	0.01792	0.01077	0.3158	0.1565	-3.909e-05	0.3539	0.01721	-0.05551	0.02005	0.02086	0.3942	0.1537	0.0005642	0.2336	0.01891	0.03064	0.07705	0.08238	0.3094	0.3017	-0.0719	1	-0.03826	0.2933	0.1127	1.775	0.2494	0.4992	0.9932	0.1162	2.08	0.2433	0.5756	0.9785	0.1816	1.761	0.5371	1.286	0.969	0.2143	22	0.3018	0.1218	0.007991	21	0.2996	0.1033	0.006481	19	0.2959	0.1461	0.03064
0	136	Base	0.9712	0.0048	0.12	0.88	0	0	0	0	12.72	0.01835	0.01103	0.3183	0.1572	-0.000249	-0.1289	0.01756	-0.1557	0.02023	0.02248	0.3973	0.1541	0.0005288	0.07029	0.01908	0.05514	0.07598	0.0819	0.3107	0.3011	-0.07328	1	-0.03891	0.4261	0.1132	1.77	0.2494	0.4992	0.9926	0.116	2.085	0.2433	0.5756	0.9737	0.1815	1.766	0.5371	1.286	0.9712	0.2145	22	0.3018	0.1218	0.007991	21	0.2996	0.1033	0.006481	19	0.2959	0.1461	0.03064
0	137	Base	0.9708	0.0048	0.12	0.88	0	0	0	0	12.69	0.01833	0.0111	0.3184	0.156	4.463e-05	0.004714	0.01772	-0.2058	0.01953	0.02079	0.3955	0.1556	0.0007609	0.2333	0.01842	0.002307	0.0769	0.0801	0.3135	0.3043	-0.07253	1	-0.03927	0.3109	0.112	1.777	0.2494	0.4992	0.9921	0.1171	2.065	0.2433	0.5756	0.9797	0.1819	1.784	0.5371	1.286	0.9708	0.2139	22	0.3018	0.1218	0.007991	21	0.2996	0.1033	0.006481	19	0.2959	0.1461	0.03064
0	138	Base	0.972	0.0032	0.08	0.92	0	0	0	0	12.76	0.01837	0.01021	0.3168	0.1564	-0.0009413	-0.01862	0.01755	-0.3193	0.0204	0.02031	0.3952	0.1532	0.0004244	0.05169	0.01927	0.0426	0.07697	0.08488	0.3066	0.3011	-0.07531	1	-0.03738	0.3885	0.1125	1.786	0.2494	0.4992	0.9939	0.1163	2.11	0.2433	0.5756	0.9794	0.1824	1.779	0.5371	1.286	0.972	0.2142	22	0.3018	0.1218	0.007991	21	0.2996	0.1033	0.006481	19	0.2959	0.1461	0.03064
0	139	Base	0.961	0.008	0.12	0.88	0	0	0	0	12.69	0.01814	0.009897	0.3187	0.1569	-0.0003319	0.3857	0.01741	-0.3354	0.01966	0.01886	0.3988	0.1553	-0.0002786	-0.2484	0.01842	-0.2022	0.07647	0.08755	0.3132	0.3054	-0.07725	1	-0.03982	0.01477	0.1123	1.788	0.2391	0.464	0.9939	0.1161	2.124	0.2373	0.4412	0.9828	0.1813	1.787	0.4861	1.445	0.961	0.2139	22	0.3018	0.1218	0.007991	21	0.2996	0.1033	0.006481	19	0.2959	0.1461	0.03064
0	140	Base	0.9641	0.0032	0.08	0.92	0	0	0	0	12.89	0.01802	0.01052	0.3178	0.1553	-0.0009175	0.06869	0.01732	-0.2102	0.0199	0.02213	0.3952	0.1526	0.0001712	0.07966	0.01885	-0.01746	0.07684	0.08677	0.3074	0.3014	-0.07587	1	-0.03821	0.2429	0.111	1.771	0.2391	0.464	0.9936	0.1159	2.074	0.2373	0.4412	0.979	0.1821	1.751	0.4861	1.445	0.9641	0.2134	22	0.2935	0.1215	0.008071	21	0.2929	0.09995	0.006311	19	0.2802	0.147	0.02729
0	141	Base	0.9692	0.0032	0.08	0.92	0	0	0	0	12.75	0.01803	0.01043	0.3189	0.1564	-0.0003102	-0.1887	0.01744	-0.08636	0.0206	0.02089	0.3973	0.1532	-0.0009085	0.4186	0.01974	-0.1366	0.07638	0.08499	0.3097	0.3062	-0.07825	1	-0.03928	0.2419	0.1123	1.774	0.2391	0.464	0.9931	0.1152	2.079	0.2373	0.4412	0.9784	0.182	1.759	0.4861	1.445	0.9692	0.2138	22	0.2935	0.1215	0.008071	21	0.2929	0.09995	0.006311	19	0.2802	0.147	0.02729
0	142	Base	0.9729	0.0016	0.04	0.96	0	0	0	0	12.7	0.01818	0.01082	0.3189	0.1567	-0.0006711	-0.171	0.01739	-0.1204	0.02027	0.02261	0.3974	0.1531	0.0002004	-0.2193	0.01939	0.2088	0.07612	0.08409	0.3069	0.2993	-0.07892	1	-0.03814	0.1901	0.1128	1.791	0.2391	0.464	0.9927	0.1163	2.099	0.2373	0.4412	0.9786	0.1818	1.761	0.4861	1.445	0.9729	0.214	22	0.2935	0.1215	0.008071	21	0.2929	0.09995	0.006311	19	0.2802	0.147	0.02729
0	143	Base	0.9712	0.0048	0.12	0.88	0	0	0	0	12.72	0.01811	0.01005	0.3206	0.1572	-0.0005575	-0.05111	0.01741	-0.1303	0.02054	0.02081	0.3992	0.1549	-0.001017	-0.3042	0.0194	-0.1952	0.07634	0.08318	0.3119	0.3024	-0.07585	1	-0.03976	0.511	0.1131	1.79	0.2417	0.481	0.9941	0.1161	2.097	0.2363	0.4898	0.9792	0.1811	1.784	0.5417	1.312	0.9712	0.2144	22	0.2935	0.1215	0.008071	21	0.2929	0.09995	0.006311	19	0.2802	0.147	0.02729
0	144	Base	0.9588	0.008	0.08	0.92	0	0	0	0	12.79	0.0182	0.01044	0.3203	0.156	-0.0002562	-0.1083	0.01768	-0.1086	0.02029	0.02179	0.3994	0.1545	0.000952	0.2043	0.01915	-0.2365	0.07629	0.08755	0.3075	0.3035	-0.07558	1	-0.03776	0.423	0.112	1.798	0.2417	0.481	0.9937	0.1168	2.105	0.2363	0.4898	0.9764	0.182	1.774	0.5417	1.312	0.9588	0.2138	22	0.2935	0.1215	0.008071	21	0.2929	0.09995	0.006311	19	0.2802	0.147	0.02729
0	145	Base	0.9578	0.0144	0.24	0.76	0	0	0	0	12.72	0.01807	0.01083	0.3194	0.1555	-0.0002053	0.177	0.01743	-0.183	0.01999	0.0223	0.398	0.1535	0.001475	0.05908	0.019	-0.1445	0.07497	0.08751	0.3062	0.3019	-0.07241	1	-0.03797	0.3887	0.1117	1.782	0.2417	0.481	0.9915	0.1157	2.086	0.2363	0.4898	0.9742	0.1819	1.757	0.5417	1.312	0.9578	0.2134	22	0.2947	0.1277	0.008399	22	0.2957	0.1038	0.006892	19	0.3009	0.1507	0.02967
0	146	Base	0.9625	0.008	0.12	0.88	0	0	0	0	12.69	0.01839	0.009684	0.3212	0.1574	-0.0008165	0.3262	0.01776	-0.3167	0.02016	0.02022	0.4018	0.1554	0.0002107	0.4493	0.01924	-0.1473	0.07628	0.08611	0.3095	0.3023	-0.0757	1	-0.03856	0.3899	0.1126	1.783	0.2417	0.481	0.9947	0.1173	2.129	0.2363	0.4898	0.9822	0.1824	1.774	0.5417	1.312	0.9625	0.2137	22	0.2947	0.1277	0.008399	22	0.2957	0.1038	0.006892	19	0.3009	0.1507	0.02967
0	147	Base	0.9591	0.008	0.08	0.92	0	0	0	0	12.72	0.01862	0.009794	0.3216	0.1567	-5.876e-05	0.4405	0.01804	-0.1469	0.02079	0.01972	0.3997	0.1556	0.0009088	0.4789	0.01996	0.09118	0.07652	0.08449	0.309	0.3023	-0.07239	1	-0.03819	0.3646	0.1121	1.799	0.2401	0.5514	0.9934	0.1167	2.109	0.2388	0.5345	0.9807	0.1824	1.768	0.5121	1.384	0.9591	0.2139	22	0.2947	0.1277	0.008399	22	0.2957	0.1038	0.006892	19	0.3009	0.1507	0.02967
0	148	Base	0.9683	0.0064	0.12	0.88	0	0	0	0	12.64	0.0185	0.01055	0.3228	0.157	-8.053e-05	0.6506	0.01771	-0.07781	0.02098	0.021	0.4027	0.1547	-0.0002415	0.1336	0.0199	0.4014	0.07593	0.08375	0.3101	0.3019	-0.0727	1	-0.0389	-0.001188	0.1128	1.798	0.2401	0.5514	0.9927	0.116	2.118	0.2388	0.5345	0.9793	0.1812	1.76	0.5121	1.384	0.9683	0.2139	22	0.2947	0.1277	0.008399	22	0.2957	0.1038	0.006892	19	0.3009	0.1507	0.02967
0	149	Base	0.9719	0.0032	0.08	0.92	0	0	0	0	12.67	0.01841	0.01087	0.3222	0.1565	0.000265	0.1486	0.01778	-0.09718	0.02044	0.02053	0.4018	0.1546	-9.71e-05	-0.04481	0.01945	0.07297	0.07535	0.08182	0.3077	0.3012	-0.07418	1	-0.03777	0.3122	0.1127	1.808	0.2401	0.5514	0.9935	0.1164	2.111	0.2388	0.5345	0.9818	0.182	1.76	0.5121	1.384	0.9719	0.2139	22	0.2947	0.1277	0.008399	22	0.2957	0.1038	0.006892	19	0.3009	0.1507	0.02967
0	150	Base	0.9627	0.0048	0.08	0.92	0	0	0	0	12.85	0.01856	0.01075	0.3228	0.1571	-5.076e-05	0.1392	0.0179	-0.1031	0.02072	0.02286	0.4034	0.1557	0.0002039	0.0941	0.01952	0.1653	0.07772	0.08629	0.3095	0.303	-0.07544	1	-0.03814	0.4543	0.1129	1.794	0.2401	0.5514	0.9927	0.118	2.099	0.2388	0.5345	0.9751	0.1818	1.76	0.5121	1.384	0.9627	0.2138	22	0.3078	0.1254	0.008419	21	0.3073	0.1065	0.006307	19	0.2945	0.1478	0.02868
0	151	Base	0.9621	0.008	0.12	0.88	0	0	0	0	12.73	0.01831	0.01071	0.3229	0.1568	0.0007743	-0.02373	0.0177	-0.01792	0.02074	0.02064	0.4022	0.1551	-7.897e-05	0.06528	0.01974	0.01472	0.0764	0.08723	0.3087	0.3012	-0.0758	1	-0.03833	0.1747	0.1129	1.802	0.2401	0.6176	0.9931	0.1161	2.135	0.237	0.5699	0.9784	0.1817	1.751	0.5157	1.319	0.9621	0.2136	22	0.3078	0.1254	0.008419	21	0.3073	0.1065	0.006307	19	0.2945	0.1478	0.02868
0	152	Base	0.9702	0.0032	0.08	0.92	0	0	0	0	12.77	0.0189	0.01131	0.324	0.1572	-0.0002395	0.0143	0.01814	-0.3778	0.02074	0.02343	0.4051	0.1547	0.0006081	-0.04039	0.01953	-0.1756	0.07577	0.08141	0.3075	0.2996	-0.0726	1	-0.03762	0.3912	0.1134	1.814	0.2401	0.6176	0.9925	0.1175	2.137	0.237	0.5699	0.9751	0.181	1.755	0.5157	1.319	0.9702	0.2139	22	0.3078	0.1254	0.008419	21	0.3073	0.1065	0.006307	19	0.2945	0.1478	0.02868
0	153	Base	0.9711	0.0032	0.08	0.92	0	0	0	0	12.82	0.01836	0.01009	0.3249	0.1574	-0.0001495	0.2393	0.01775	0.1129	0.02069	0.02054	0.4062	0.1557	-0.001402	0.1831	0.01963	0.2304	0.07693	0.08289	0.3111	0.304	-0.07582	1	-0.03882	0.3153	0.113	1.824	0.2401	0.6176	0.9938	0.117	2.154	0.237	0.5699	0.9788	0.1817	1.78	0.5157	1.319	0.9711	0.2138	22	0.3078	0.1254	0.008419	21	0.3073	0.1065	0.006307	19	0.2945	0.1478	0.02868
0	154	Base	0.969	0.0032	0.08	0.92	0	0	0	0	12.83	0.01857	0.01098	0.3248	0.1566	-0.0006709	0.04298	0.01777	-0.226	0.02104	0.0217	0.4038	0.1557	0.0003323	0.2588	0.01958	-0.2184	0.07757	0.08314	0.3094	0.3001	-0.07402	1	-0.0382	0.3829	0.1127	1.808	0.2401	0.6176	0.9937	0.1179	2.131	0.237	0.5699	0.9798	0.1821	1.76	0.5157	1.319	0.969	0.2139	22	0.3078	0.1254	0.008419	21	0.3073	0.1065	0.006307	19	0.2945	0.1478	0.02868
0	155	Base	0.9519	0.0144	0.16	0.84	0	0	0	0	12.93	0.01907	0.011	0.3249	0.1571	0.0004699	0.07545	0.01838	-0.2001	0.0217	0.02279	0.404	0.1562	0.0002196	-0.009647	0.0204	0.06633	0.07731	0.08858	0.3083	0.3008	-0.07408	1	-0.03778	0.3793	0.1132	1.828	0.2468	0.5713	0.9921	0.1181	2.141	0.2455	0.6267	0.9771	0.1823	1.774	0.5318	1.344	0.9519	0.214	21	0.3083	0.1232	0.008367	21	0.3131	0.1013	0.00618	18	0.2952	0.1395	0.02689
0	156	Base	0.9749	0.0016	0.04	0.96	0	0	0	0	12.78	0.01901	0.01105	0.3265	0.1572	0.0001432	0.1612	0.01836	0.02306	0.02106	0.02345	0.4072	0.1563	0.002121	0.1914	0.02014	-0.08935	0.07559	0.08009	0.3084	0.3005	-0.07343	1	-0.038	0.4631	0.113	1.834	0.2468	0.5713	0.9926	0.1181	2.155	0.2455	0.6267	0.9729	0.1819	1.782	0.5318	1.344	0.9749	0.2142	21	0.3083	0.1232	0.008367	21	0.3131	0.1013	0.00618	18	0.2952	0.1395	0.02689
0	157	Base	0.9692	0.0032	0.08	0.92	0	0	0	0	12.74	0.01885	0.0112	0.3269	0.1576	-0.0001768	-0.07615	0.01815	-0.2231	0.02075	0.02188	0.4102	0.1567	0.0004538	-0.1815	0.01946	-0.04431	0.07616	0.08129	0.3101	0.304	-0.07218	1	-0.03848	0.4423	0.1135	1.825	0.2468	0.5713	0.9927	0.118	2.16	0.2455	0.6267	0.9778	0.1819	1.792	0.5318	1.344	0.9692	0.2141	21	0.3083	0.1232	0.008367	21	0.3131	0.1013	0.00618	18	0.2952	0.1395	0.02689
0	158	Base	0.973	0.0016	0.04	0.96	0	0	0	0	12.78	0.01821	0.01007	0.3268	0.1575	-0.0003663	0.0501	0.0176	-0.3834	0.02101	0.02087	0.4081	0.1555	-0.0002555	-0.2237	0.02004	-0.1949	0.07604	0.0785	0.3103	0.3013	-0.0702	1	-0.03919	0.3532	0.1133	1.835	0.2468	0.5713	0.9937	0.1166	2.16	0.2455	0.6267	0.979	0.1816	1.789	0.5318	1.344	0.973	0.214	21	0.3083	0.1232	0.008367	21	0.3131	0.1013	0.00618	18	0.2952	0.1395	0.02689
0	159	Base	0.9653	0.0048	0.04	0.96	0	0	0	0	12.74	0.01878	0.01003	0.3269	0.1571	-2.431e-05	-0.04461	0.01815	-0.2302	0.02134	0.02	0.4079	0.1563	-0.000397	0.07063	0.02025	-0.2055	0.07623	0.08403	0.3101	0.3048	-0.07577	1	-0.03853	0.2809	0.1128	1.823	0.2379	0.4085	0.994	0.1171	2.152	0.2344	0.4116	0.9813	0.1814	1.775	0.5085	1.249	0.9653	0.2141	21	0.3083	0.1232	0.008367	21	0.3131	0.1013	0.00618	18	0.2952	0.1395	0.02689
0	160	Base	0.9729	0.0064	0.16	0.84	0	0	0	0	12.74	0.01869	0.01053	0.3282	0.157	-0.0008669	0.03406	0.01816	-0.178	0.02054	0.02167	0.41	0.1569	0.001423	0.1397	0.01945	-0.2362	0.07624	0.07821	0.3106	0.3028	-0.07236	1	-0.03878	0.3596	0.1126	1.825	0.2379	0.4085	0.9933	0.119	2.146	0.2344	0.4116	0.9786	0.1817	1.753	0.5085	1.249	0.9729	0.2139	22	0.3084	0.1235	0.008392	22	0.31	0.09946	0.006628	19	0.2978	0.1523	0.03131
0	161	Base	0.9716	0.0048	0.12	0.88	0	0	0	0	12.76	0.01914	0.01059	0.3278	0.157	-0.0005371	0.2252	0.01852	0.1423	0.02136	0.02061	0.4089	0.1564	0.000439	0.4699	0.02013	0.05175	0.07531	0.07908	0.3084	0.2994	-0.07054	1	-0.03803	0.3766	0.1129	1.836	0.2379	0.4085	0.993	0.117	2.161	0.2344	0.4116	0.9794	0.1814	1.785	0.5085	1.249	0.9716	0.2139	22	0.3084	0.1235	0.008392	22	0.31	0.09946	0.006628	19	0.2978	0.1523	0.03131
0	162	Base	0.9605	0.0096	0.16	0.84	0	0	0	0	12.74	0.0186	0.01112	0.3283	0.1566	-0.0002201	0.2841	0.01791	-0.2314	0.02079	0.02286	0.4082	0.1558	0.001837	-0.03662	0.0199	0.01725	0.07629	0.08701	0.3088	0.3023	-0.07327	1	-0.03833	0.2606	0.1126	1.821	0.2379	0.4085	0.9924	0.1181	2.154	0.2344	0.4116	0.976	0.1815	1.775	0.5085	1.249	0.9605	0.2139	22	0.3084	0.1235	0.008392	22	0.31	0.09946	0.006628	19	0.2978	0.1523	0.03131
0	163	Base	0.9555	0.0112	0.2	0.8	0	0	0	0	12.74	0.01886	0.01074	0.3281	0.1572	-0.0002662	0.3117	0.01825	-0.154	0.02157	0.0226	0.4094	0.1567	0.0005293	0.06708	0.02054	0.09127	0.07655	0.08568	0.3094	0.3014	-0.07058	1	-0.0385	0.3701	0.113	1.846	0.2402	0.5239	0.992	0.1177	2.174	0.2419	0.47	0.9726	0.1818	1.8	0.5146	1.489	0.9555	0.2138	22	0.3084	0.1235	0.008392	22	0.31	0.09946	0.006628	19	0.2978	0.1523	0.03131
0	164	Base	0.979	0	0	1	0	0	0	0	12.64	0.01904	0.01041	0.3293	0.157	-0.0003079	-0.1353	0.01837	-0.1599	0.02084	0.02183	0.4117	0.1562	0.001212	-0.1353	0.0195	-0.3912	0.07477	0.07704	0.3062	0.3005	-0.07325	1	-0.03737	0.06966	0.1126	1.836	0.2402	0.5239	0.9938	0.1185	2.175	0.2419	0.47	0.9798	0.1812	1.763	0.5146	1.489	0.979	0.2139	22	0.3084	0.1235	0.008392	22	0.31	0.09946	0.006628	19	0.2978	0.1523	0.03131
0	165	Base	0.9708	0.0064	0.12	0.88	0	0	0	0	12.81	0.01928	0.01048	0.3298	0.1579	-0.0003522	0.2242	0.01861	-0.1868	0.02156	0.02171	0.412	0.1565	0.0009145	-0.01135	0.02058	-0.1364	0.07575	0.08106	0.3064	0.2998	-0.07171	1	-0.0374	0.4456	0.1131	1.838	0.2402	0.5239	0.9926	0.1181	2.179	0.2419	0.47	0.9772	0.1817	1.768	0.5146	1.489	0.9708	0.2142	22	0.3141	0.1228	0.008162	22	0.3143	0.1015	0.006483	19	0.2971	0.1557	0.02803
0	166	Base	0.9655	0.0032	0.04	0.96	0	0	0	0	12.76	0.01905	0.0107	0.3294	0.1575	-0.0002715	0.3551	0.01832	-0.1558	0.0216	0.02158	0.4109	0.1554	0.0008099	0.1443	0.0208	0.1504	0.07539	0.08295	0.3047	0.2984	-0.07158	1	-0.03702	0.2681	0.1129	1.837	0.2402	0.5239	0.9928	0.1171	2.178	0.2419	0.47	0.9792	0.1818	1.746	0.5146	1.489	0.9655	0.2138	22	0.3141	0.1228	0.008162	22	0.3143	0.1015	0.006483	19	0.2971	0.1557	0.02803
0	167	Base	0.969	0.0048	0.12	0.88	0	0	0	0	13.06	0.01906	0.01064	0.3309	0.1584	-0.0003681	0.259	0.0183	-0.4553	0.02167	0.02143	0.4145	0.157	0.001004	0.2128	0.02042	-0.3254	0.07567	0.08331	0.3087	0.3022	-0.07318	1	-0.03844	0.2226	0.1137	1.833	0.2407	0.5102	0.9925	0.1179	2.189	0.2374	0.5199	0.9792	0.1818	1.778	0.5523	1.421	0.969	0.2143	22	0.3141	0.1228	0.008162	22	0.3143	0.1015	0.006483	19	0.2971	0.1557	0.02803
0	168	Base	0.9711	0.0048	0.08	0.92	0	0	0	0	12.8	0.01916	0.01106	0.3305	0.1575	5.385e-05	0.2288	0.0186	-0.4174	0.02176	0.02167	0.4135	0.1563	-0.0002482	-0.3029	0.02073	0.04013	0.07571	0.08389	0.3079	0.3016	-0.07528	1	-0.03818	0.2413	0.1135	1.84	0.2407	0.5102	0.9928	0.1174	2.18	0.2374	0.5199	0.9777	0.1819	1.772	0.5523	1.421	0.9711	0.214	22	0.3141	0.1228	0.008162	22	0.3143	0.1015	0.006483	19	0.2971	0.1557	0.02803
0	169	Base	0.9707	0.008	0.16	0.84	0	0	0	0	12.74	0.01906	0.01144	0.3314	0.157	0.0002465	0.07388	0.01827	0.1393	0.02111	0.02305	0.4134	0.1566	-0.0002706	0.07298	0.01982	0.1255	0.07577	0.08378	0.3098	0.3034	-0.07509	1	-0.03871	0.4069	0.1129	1.842	0.2407	0.5102	0.9915	0.1181	2.18	0.2374	0.5199	0.9703	0.1815	1.769	0.5523	1.421	0.9707	0.2138	22	0.3141	0.1228	0.008162	22	0.3143	0.1015	0.006483	19	0.2971	0.1557	0.02803
0	170	Base	0.9628	0.0128	0.2	0.8	0	0	0	0	12.84	0.01952	0.01064	0.3313	0.1575	0.0001896	0.4694	0.01899	-0.1697	0.02161	0.0203	0.4139	0.1577	0.002076	0.2316	0.02057	0.134	0.07733	0.0854	0.3082	0.3005	-0.07238	1	-0.03729	0.2598	0.1133	1.848	0.2407	0.5102	0.9941	0.1191	2.181	0.2374	0.5199	0.9827	0.1817	1.77	0.5523	1.421	0.9628	0.2138	23	0.3061	0.1243	0.008344	22	0.3185	0.1054	0.006356	19	0.2958	0.1523	0.02829
0	171	Base	0.9636	0.0096	0.16	0.84	0	0	0	0	12.79	0.01887	0.009548	0.3317	0.1575	0.0002412	0.3438	0.01831	-0.3219	0.02129	0.02137	0.4151	0.1574	0.0006364	-0.2659	0.02019	0.08727	0.07562	0.08481	0.3089	0.3031	-0.07323	1	-0.03822	0.104	0.1129	1.863	0.2421	0.5287	0.9941	0.1191	2.198	0.2401	0.5451	0.9806	0.181	1.785	0.5198	1.306	0.9636	0.2137	23	0.3061	0.1243	0.008344	22	0.3185	0.1054	0.006356	19	0.2958	0.1523	0.02829
0	172	Base	0.9732	0.0032	0.08	0.92	0	0	0	0	12.71	0.01921	0.01005	0.3338	0.1576	-0.0003247	0.0387	0.01863	-0.004072	0.0213	0.02097	0.4171	0.1578	0.001769	0.06209	0.02005	-0.1589	0.07547	0.08156	0.31	0.304	-0.07518	1	-0.0384	0.07645	0.1132	1.859	0.2421	0.5287	0.9942	0.1188	2.203	0.2401	0.5451	0.9817	0.1814	1.779	0.5198	1.306	0.9732	0.2141	23	0.3061	0.1243	0.008344	22	0.3185	0.1054	0.006356	19	0.2958	0.1523	0.02829
0	173	Base	0.9751	0.0032	0.08	0.92	0	0	0	0	12.74	0.01973	0.01129	0.3323	0.1567	1.477e-05	-0.04916	0.0191	-0.09046	0.02168	0.02321	0.4131	0.1569	0.001663	0.1867	0.02053	-0.1405	0.07458	0.07874	0.3062	0.3016	-0.07276	1	-0.03687	0.3233	0.1124	1.862	0.2421	0.5287	0.9916	0.1183	2.177	0.2401	0.5451	0.9723	0.1809	1.795	0.5198	1.306	0.9751	0.2141	23	0.3061	0.1243	0.008344	22	0.3185	0.1054	0.006356	19	0.2958	0.1523	0.02829
0	174	Base	0.9629	0.0128	0.2	0.8	0	0	0	0	12.83	0.01939	0.01106	0.3327	0.1572	0.0001455	0.1459	0.01888	0.2235	0.02152	0.02103	0.4154	0.1573	0.001425	0.1191	0.02082	0.3508	0.07507	0.08403	0.3078	0.305	-0.07273	1	-0.03767	0.2277	0.1131	1.868	0.2421	0.5287	0.992	0.1183	2.189	0.2401	0.5451	0.9774	0.1816	1.766	0.5198	1.306	0.9629	0.2138	23	0.3061	0.1243	0.008344	22	0.3185	0.1054	0.006356	19	0.2958	0.1523	0.02829
0	175	Base	0.967	0.0048	0.08	0.92	0	0	0	0	12.8	0.01915	0.01063	0.3324	0.1579	-6.959e-05	0.2822	0.01849	0.3327	0.02169	0.02164	0.4166	0.1562	-0.0002906	0.3366	0.02071	0.156	0.07513	0.08144	0.3054	0.3015	-0.07234	1	-0.0377	0.2155	0.1133	1.849	0.2377	0.5965	0.9932	0.1181	2.187	0.233	0.6211	0.9788	0.1822	1.75	0.535	1.37	0.967	0.2138	22	0.3092	0.124	0.008057	22	0.3116	0.1086	0.006362	19	0.2981	0.1532	0.02845
0	176	Base	0.9755	0.0016	0.04	0.96	0	0	0	0	12.77	0.01915	0.01054	0.3345	0.1576	0.000188	-0.07569	0.01853	-0.1962	0.02193	0.01992	0.418	0.1575	3.047e-05	-0.3292	0.02093	0.06223	0.07528	0.07884	0.3108	0.3038	-0.07343	1	-0.03929	0.5102	0.1131	1.87	0.2377	0.5965	0.9928	0.1178	2.212	0.233	0.6211	0.9804	0.182	1.769	0.535	1.37	0.9755	0.2137	22	0.3092	0.124	0.008057	22	0.3116	0.1086	0.006362	19	0.2981	0.1532	0.02845
0	177	Base	0.9735	0.0016	0.04	0.96	0	0	0	0	171.2	0.0195	0.01029	0.3346	0.1591	-0.001012	0.08013	0.01881	-0.004019	0.02206	0.02221	0.4211	0.1572	0.001259	0.03974	0.02077	0.001828	0.07662	0.08219	0.307	0.2993	-0.0758	1	-0.03741	0.3079	0.1141	1.867	0.2377	0.5965	0.9937	0.119	2.211	0.233	0.6211	0.9762	0.1815	1.751	0.535	1.37	0.9735	0.2139	22	0.3092	0.124	0.008057	22	0.3116	0.1086	0.006362	19	0.2981	0.1532	0.02845
0	178	Base	0.9683	0.0048	0.12	0.88	0	0	0	0	12.83	0.01941	0.01015	0.3353	0.1581	-0.0004968	-0.0299	0.01882	-0.3055	0.0221	0.02082	0.4189	0.1575	-0.0005404	-0.1175	0.02109	0.1169	0.0757	0.08065	0.309	0.303	-0.07205	1	-0.03834	0.4268	0.1133	1.866	0.2377	0.5965	0.9935	0.1176	2.223	0.233	0.6211	0.9795	0.1812	1.765	0.535	1.37	0.9683	0.2142	22	0.3092	0.124	0.008057	22	0.3116	0.1086	0.006362	19	0.2981	0.1532	0.02845
0	179	Base	0.9686	0.0032	0.08	0.92	0	0	0	0	12.84	0.01974	0.01056	0.3355	0.158	0.0003448	0.1269	0.01905	-0.1813	0.02191	0.0219	0.4191	0.1584	0.0006878	-0.01852	0.02089	0.08624	0.07614	0.08186	0.3085	0.3015	-0.07517	1	-0.03837	0.5719	0.1134	1.887	0.2405	0.529	0.9926	0.119	2.228	0.2347	0.5333	0.9797	0.1819	1.779	0.5081	1.467	0.9686	0.2139	22	0.3092	0.124	0.008057	22	0.3116	0.1086	0.006362	19	0.2981	0.1532	0.02845
0	180	Base	0.9721	0.0032	0.08	0.92	0	0	0	0	12.82	0.01952	0.01035	0.3368	0.1576	-0.0005787	0.08656	0.01896	-0.1357	0.02224	0.02097	0.4193	0.1578	0.0005259	0.04687	0.02128	0.09193	0.0755	0.08028	0.3085	0.3017	-0.07324	1	-0.03841	0.02582	0.1128	1.869	0.2405	0.529	0.9932	0.1186	2.213	0.2347	0.5333	0.9778	0.1818	1.769	0.5081	1.467	0.9721	0.2139	22	0.3123	0.1266	0.008375	21	0.3173	0.112	0.006774	19	0.3102	0.1441	0.03058
0	181	Base	0.9719	0.0064	0.16	0.84	0	0	0	0	12.77	0.01913	0.01002	0.3352	0.1574	9.018e-05	0.3009	0.01865	-0.1634	0.02148	0.02118	0.4195	0.1565	0.000157	-0.07608	0.02054	0.1251	0.07536	0.07991	0.3065	0.301	-0.07087	1	-0.03745	0.2927	0.1128	1.885	0.2405	0.529	0.9941	0.1185	2.212	0.2347	0.5333	0.9803	0.1816	1.762	0.5081	1.467	0.9719	0.2135	22	0.3123	0.1266	0.008375	21	0.3173	0.112	0.006774	19	0.3102	0.1441	0.03058
0	182	Base	0.9672	0.0032	0.08	0.92	0	0	0	0	12.83	0.01913	0.01112	0.3353	0.1577	-0.0001951	0.4935	0.01859	-0.2337	0.02179	0.02188	0.4201	0.1566	0.0001889	0.1409	0.02069	0.02965	0.07634	0.08338	0.3056	0.2995	-0.07277	1	-0.03718	0.1413	0.1136	1.862	0.2405	0.529	0.9929	0.1178	2.214	0.2347	0.5333	0.9798	0.1818	1.758	0.5081	1.467	0.9672	0.2135	22	0.3123	0.1266	0.008375	21	0.3173	0.112	0.006774	19	0.3102	0.1441	0.03058
0	183	Base	0.9723	0.0032	0.08	0.92	0	0	0	0	12.83	0.01894	0.01052	0.3363	0.1582	-0.0004471	0.1247	0.01845	-0.1445	0.02189	0.02127	0.421	0.1578	-0.0009347	-0.1865	0.02084	0.02032	0.07619	0.07929	0.3075	0.2999	-0.07204	1	-0.03771	-0.1314	0.1133	1.864	0.2381	0.4227	0.9937	0.1187	2.218	0.2314	0.4371	0.9799	0.1821	1.757	0.5101	1.392	0.9723	0.2133	22	0.3123	0.1266	0.008375	21	0.3173	0.112	0.006774	19	0.3102	0.1441	0.03058
0	184	Base	0.9655	0.008	0.2	0.8	0	0	0	0	12.82	0.01957	0.01016	0.3372	0.1581	-7.722e-05	0.09237	0.01905	-0.04092	0.02196	0.02126	0.4229	0.1577	0.001035	0.05631	0.02093	0.09442	0.07666	0.08406	0.3059	0.2982	-0.07199	1	-0.03719	0.5022	0.1136	1.873	0.2381	0.4227	0.9932	0.1192	2.229	0.2314	0.4371	0.9795	0.1819	1.75	0.5101	1.392	0.9655	0.2136	22	0.3123	0.1266	0.008375	21	0.3173	0.112	0.006774	19	0.3102	0.1441	0.03058
0	185	Base	0.9614	0.008	0.16	0.84	0	0	0	0	12.9	0.01972	0.01078	0.3382	0.1579	-6.706e-05	0.219	0.01907	-0.2979	0.02211	0.02287	0.4229	0.1576	0.001857	-0.06631	0.02082	-0.08188	0.07698	0.08549	0.3054	0.2989	-0.07255	1	-0.03713	0.3767	0.1134	1.866	0.2381	0.4227	0.9924	0.1188	2.219	0.2314	0.4371	0.9744	0.182	1.727	0.5101	1.392	0.9614	0.2141	23	0.3099	0.1268	0.008495	21	0.3181	0.1036	0.006648	18	0.2795	0.1417	0.0291
0	186	Base	0.969	0.0016	0.04	0.96	0	0	0	0	12.81	0.0198	0.0105	0.3386	0.1588	9.187e-05	-0.05227	0.01915	-0.2107	0.02262	0.02228	0.4246	0.1589	0.00146	0.2244	0.02132	-0.3155	0.07549	0.08128	0.3071	0.3018	-0.07377	1	-0.03773	0.1281	0.1141	1.862	0.2381	0.4227	0.9933	0.1197	2.255	0.2314	0.4371	0.9764	0.1817	1.739	0.5101	1.392	0.969	0.2142	23	0.3099	0.1268	0.008495	21	0.3181	0.1036	0.006648	18	0.2795	0.1417	0.0291
0	187	Base	0.9694	0.0048	0.12	0.88	0	0	0	0	12.84	0.01981	0.01055	0.3377	0.1585	-0.0004399	0.1832	0.01926	0.09037	0.02233	0.02047	0.4232	0.1581	0.001187	0.2729	0.02156	-0.02486	0.07523	0.08023	0.3064	0.2999	-0.0706	1	-0.03768	0.2656	0.114	1.881	0.2368	0.5727	0.9935	0.1193	2.247	0.2384	0.5438	0.9807	0.1821	1.763	0.5277	1.391	0.9694	0.214	23	0.3099	0.1268	0.008495	21	0.3181	0.1036	0.006648	18	0.2795	0.1417	0.0291
0	188	Base	0.9699	0.0064	0.16	0.84	0	0	0	0	12.79	0.01949	0.01104	0.3405	0.1579	-0.0005924	0.09686	0.01893	-0.2883	0.02143	0.02185	0.4266	0.159	0.0001167	-0.03	0.02001	0.005755	0.07566	0.08042	0.3073	0.2999	-0.07179	1	-0.0377	0.4546	0.113	1.876	0.2368	0.5727	0.9929	0.1193	2.231	0.2384	0.5438	0.9787	0.1817	1.755	0.5277	1.391	0.9699	0.214	23	0.3099	0.1268	0.008495	21	0.3181	0.1036	0.006648	18	0.2795	0.1417	0.0291
0	189	Base	0.9585	0.0064	0.16	0.84	0	0	0	0	12.79	0.0197	0.01047	0.3398	0.1587	2.266e-05	-0.1242	0.01904	-0.01984	0.02259	0.02128	0.4258	0.1577	-0.0005112	0.3126	0.02142	-0.06237	0.07604	0.08657	0.3057	0.3	-0.07126	1	-0.03721	0.3461	0.1141	1.88	0.2368	0.5727	0.9931	0.1185	2.247	0.2384	0.5438	0.9782	0.1818	1.744	0.5277	1.391	0.9585	0.2143	23	0.3099	0.1268	0.008495	21	0.3181	0.1036	0.006648	18	0.2795	0.1417	0.0291
0	190	Base	0.973	0.0064	0.16	0.84	0	0	0	0	12.79	0.0198	0.009652	0.3394	0.1585	-0.0002742	0.1525	0.01921	-0.02963	0.0224	0.02073	0.4256	0.1588	0.0008282	0.02144	0.02136	0.1191	0.07535	0.08209	0.3075	0.304	-0.07568	1	-0.03753	0.4699	0.1133	1.894	0.2368	0.5727	0.9944	0.119	2.27	0.2384	0.5438	0.9797	0.1814	1.766	0.5277	1.391	0.973	0.2135	22	0.3108	0.1272	0.008342	22	0.3216	0.1135	0.006586	19	0.3119	0.1555	0.02869
0	191	Base	0.9739	0.0048	0.12	0.88	0	0	0	0	12.8	0.01978	0.01077	0.3408	0.1584	-6.717e-05	0.06153	0.01923	-0.293	0.02216	0.0221	0.4262	0.1596	0.002642	0.1128	0.02114	0.00738	0.07535	0.07986	0.3085	0.3029	-0.07272	1	-0.03771	0.3556	0.1135	1.888	0.2377	0.5313	0.9922	0.1205	2.265	0.2344	0.4802	0.9789	0.1812	1.784	0.5429	1.464	0.9739	0.214	22	0.3108	0.1272	0.008342	22	0.3216	0.1135	0.006586	19	0.3119	0.1555	0.02869
0	192	Base	0.9589	0.0096	0.08	0.92	0	0	0	0	12.77	0.01961	0.009756	0.3419	0.1589	-0.0002673	-0.2177	0.01911	-0.1602	0.02207	0.02149	0.4291	0.1593	0.001363	0.1733	0.02113	0.09728	0.07641	0.08407	0.3077	0.3022	-0.07245	1	-0.03761	0.441	0.1134	1.899	0.2377	0.5313	0.994	0.1195	2.26	0.2344	0.4802	0.9773	0.1815	1.782	0.5429	1.464	0.9589	0.2141	22	0.3108	0.1272	0.008342	22	0.3216	0.1135	0.006586	19	0.3119	0.1555	0.02869
0	193	Base	0.9646	0.0064	0.16	0.84	0	0	0	0	12.76	0.01967	0.01035	0.3408	0.1572	-0.0002935	0.2511	0.01928	-0.132	0.02178	0.02124	0.4253	0.1581	0.0004122	0.2072	0.02088	0.2176	0.07564	0.08064	0.3046	0.3003	-0.06873	1	-0.03648	0.4315	0.1127	1.896	0.2377	0.5313	0.9936	0.1183	2.242	0.2344	0.4802	0.9795	0.1814	1.765	0.5429	1.464	0.9646	0.214	22	0.3108	0.1272	0.008342	22	0.3216	0.1135	0.006586	19	0.3119	0.1555	0.02869
0	194	Base	0.9744	0.0016	0.04	0.96	0	0	0	0	12.78	0.01965	0.01005	0.3415	0.1583	0.0001163	0.4371	0.01915	-0.05885	0.02228	0.02077	0.4273	0.1592	-0.0003313	0.1637	0.02149	0.2362	0.07562	0.08129	0.3068	0.301	-0.07449	1	-0.03761	0.3806	0.1134	1.903	0.2377	0.5313	0.9935	0.1186	2.266	0.2344	0.4802	0.9793	0.1816	1.777	0.5429	1.464	0.9744	0.2136	22	0.3108	0.1272	0.008342	22	0.3216	0.1135	0.006586	19	0.3119	0.1555	0.02869
0	195	Base	0.9734	0.0016	0.04	0.96	0	0	0	0	12.87	0.01968	0.01032	0.3422	0.1584	-0.0008157	0.1152	0.01925	-0.3626	0.02235	0.02054	0.4274	0.1596	0.0005603	-0.05031	0.02146	0.1132	0.07604	0.08011	0.3063	0.2992	-0.07204	1	-0.03724	0.286	0.1135	1.901	0.2397	0.4222	0.9941	0.1198	2.264	0.2347	0.4311	0.9827	0.1816	1.754	0.4941	1.321	0.9734	0.2141	22	0.3135	0.1252	0.00818	22	0.3231	0.1077	0.006513	19	0.2943	0.1548	0.03025
0	196	Base	0.9591	0.0096	0.2	0.8	0	0	0	0	12.99	0.01991	0.01064	0.3416	0.1578	-0.0001048	0.08981	0.01939	-0.196	0.02235	0.02163	0.4276	0.158	0.001377	-0.06903	0.02149	0.1484	0.07551	0.08569	0.3049	0.3012	-0.07119	1	-0.03671	0.3844	0.1131	1.883	0.2397	0.4222	0.9936	0.119	2.257	0.2347	0.4311	0.979	0.1814	1.753	0.4941	1.321	0.9591	0.2133	22	0.3135	0.1252	0.00818	22	0.3231	0.1077	0.006513	19	0.2943	0.1548	0.03025
0	197	Base	0.9669	0.0064	0.08	0.92	0	0	0	0	12.86	0.02017	0.01091	0.343	0.159	0.0003436	-0.003095	0.0195	-0.4348	0.02309	0.02378	0.43	0.1592	0.00148	-0.2271	0.02183	0.003557	0.07618	0.08471	0.3053	0.3009	-0.07602	1	-0.03721	0.2962	0.1141	1.875	0.2397	0.4222	0.993	0.1211	2.248	0.2347	0.4311	0.9768	0.1826	1.756	0.4941	1.321	0.9669	0.2136	22	0.3135	0.1252	0.00818	22	0.3231	0.1077	0.006513	19	0.2943	0.1548	0.03025
0	198	Base	0.9673	0.0048	0.12	0.88	0	0	0	0	12.89	0.02007	0.01022	0.3426	0.1577	-0.0008152	0.1109	0.01955	-0.04781	0.02219	0.02134	0.4281	0.1593	0.001198	0.1295	0.02101	-0.0578	0.07505	0.08386	0.3046	0.3001	-0.07339	1	-0.03751	0.3492	0.1128	1.893	0.2397	0.4222	0.9937	0.1202	2.261	0.2347	0.4311	0.9801	0.1821	1.743	0.4941	1.321	0.9673	0.2136	22	0.3135	0.1252	0.00818	22	0.3231	0.1077	0.006513	19	0.2943	0.1548	0.03025
0	199	Base	0.9629	0.008	0.12	0.88	0	0	0	0	12.8	0.02013	0.01082	0.3422	0.1588	-2.54e-05	0.1192	0.01964	-0.2313	0.0228	0.0209	0.43	0.1586	0.0007012	0.3473	0.0218	-0.1981	0.07636	0.0825	0.3028	0.298	-0.07028	1	-0.03622	0.2977	0.1142	1.897	0.2425	0.4853	0.993	0.1191	2.265	0.2361	0.4302	0.9804	0.1825	1.737	0.4941	1.435	0.9629	0.2138	22	0.3135	0.1252	0.00818	22	0.3231	0.1077	0.006513	19	0.2943	0.1548	0.03025
